time,open,high,low,close,Volume
1577975400,68.19544738003472,69.82877734,68.19544738003472,69.4626267225,5200298
1578061800,68.82903705126736,69.10158294,68.35453932,68.6737889375,9963630
1578321000,68.75141299438368,68.75141299438368,67.33798958,67.71377574,6514862
1578407400,68.23259436719184,69.20728484,68.1232863,68.705032185,6547824
1578493800,68.46881327609591,69.42890233,68.46881327609591,69.03143619500001,6113614
1578580200,68.75012473554796,69.95885717,68.75012473554796,69.551755495,6405040
1578666600,69.15094011527398,69.86731951,68.76886766,69.3494090975,4503876
1578925800,69.25017460638699,69.88418171,69.22173816,69.6089665275,7212806
1579012200,69.4295705669435,70.46954093,69.4295705669435,69.998603785,6054004
1579098600,69.71408717597174,69.8191418,68.76886766,69.31809358500001,7380484
1579185000,69.51609038048588,70.07930145,69.51609038048588,69.8227551275,6238632
1579271400,69.66942275399293,70.38763882,69.66942275399293,70.251536775,5896456
1579617000,69.96047976449647,70.73933612,69.96047976449647,70.32020206,6054580
1579703400,70.14034091224823,71.59689941,70.14034091224823,71.0862156525,7073678
1579789800,70.61327828237413,71.4475485,70.61327828237413,71.1793793075,8739926
1579876200,70.89632879493706,72.6230847,70.60443852,71.69445928249999,9999234
1580135400,71.29539403871853,71.29539403871853,68.05106791,68.570146635,13582646
1580221800,69.93277033685926,70.13711471,68.6098812,69.43492453750001,7419468
1580308200,69.68384743717964,69.92513277,68.80259205,69.3337513425,5877814
1580394600,69.50879938983982,69.50879938983982,67.434345,68.317201595,10334250
1580481000,68.91300049241991,68.91300049241991,65.98419584,67.1519031625,12204780
1580740200,68.03245182745997,68.03245182745997,66.48042628,66.8760857525,7687356
1580826600,67.45426878997998,69.40963124,67.45426878997998,69.096476105,10815558
1580913000,68.27537244748999,70.87423372,68.27537244748999,70.4924253425,10792958
1580999400,69.38389889499499,70.84050932,69.38389889499499,70.596007425,5421890
1581085800,69.9899531599975,70.13224876,69.11574719,69.6191922475,10472384
1581345000,69.80457270374875,70.25755899,68.65324114,69.46142228000001,8198426
1581431400,69.63299749187438,72.02327217,69.63299749187438,71.37708859749999,10834218
1581517800,70.50504304468718,72.8254311,70.50504304468718,72.5219115025,7438322
1581604200,71.5134772735936,73.38911034,71.5134772735936,72.671262415,7965630
1581690600,72.0923698442968,73.52882571,72.0923698442968,72.88083547,7469736
1582036200,72.4866026571484,72.4866026571484,70.87423372,71.2873576075,11819286
1582122600,71.8869801323242,73.480648,71.8869801323242,72.990439765,8133942
1582209000,72.43870994866211,73.13376846,71.08139788,72.36172060749999,7755982
1582295400,72.40021527808105,72.40021527808105,69.83841289,70.8477359775,14165040
1582554600,71.62397562779051,71.62397562779051,66.26362658,66.95497676,19728176
1582641000,69.28947619389525,69.28947619389525,64.65930873,66.30578207250001,25658582
1582727400,67.79762913319763,67.79762913319763,64.84238404,65.585525265,19093738
1582813800,66.69157719909882,66.69157719909882,62.19742759,63.18145738,25962430
1582900200,64.93651728954941,64.93651728954941,59.88971513,61.8553658275,19299140
1583159400,63.39594155852471,65.79148499,62.63584478,64.65328651499999,14083044
1583245800,64.02461403676236,66.92366124,63.16579962,64.935126135,14800954
1583332200,64.47987008588117,66.88511907,64.19502011,65.7127505575,10803060
1583418600,65.0963103216906,66.37925309,64.21607377,65.10615701750001,11345974
1583505000,65.1012336695953,65.1012336695953,61.98062788,63.085101955,14819274
1583760600,64.09316781229765,64.09316781229765,58.04450872,58.90327646,14174330
1583847000,61.498222136148826,61.84091251,58.40584157,60.641287455000004,12554730
1583933400,61.06975479557441,61.18569562,57.90479336,59.3489203075,14562868
1584019800,60.2093375515372,60.2093375515372,52.31617864,53.931336470000005,13776036
1584106200,57.070337010768604,57.89034004,52.56188497,55.852422777499996,11600028
1584365400,56.461379894134296,56.461379894134296,48.79438781,50.6937941475,13095850
1584451800,53.57758702081715,53.67960792,48.41860165,51.299628892499996,19195714
1584538200,52.43860795665857,52.43860795665857,46.25060456,48.832929982500005,14520406
1584624600,50.63576896957929,51.14064244,46.75165278,48.94132983750001,10292634
1584711000,49.78854940353965,52.61969823,48.56313479,50.373412357499994,13732978
1584970200,50.08098088051982,51.21290901,48.14109802,49.801783789999995,13153686
1585056600,49.9413823352599,55.92468935,49.9413823352599,54.755175365,15628578
1585143000,52.34827885012995,58.00114878,52.34827885012995,55.958413745,9801666
1585229400,54.15334629756498,58.77680996,54.15334629756498,57.4181984525,9212772
1585315800,55.785772375032494,57.36520297,55.38028119,56.1920756575,12571404
1585575000,55.988924016266246,57.76989576,55.80906284,56.894265825000005,9145510
1585661400,56.44159492063312,58.45883706,56.05958694,57.16044769,10226512
1585747800,56.80102130531656,56.80102130531656,53.08220428,54.3372337025,12936274
1585834200,55.56912750390828,55.56912750390828,53.1111109,54.15295395,9846112
1585920600,54.86104072695414,55.62598753,53.38572387,54.478153515,7177598
1586179800,54.66959712097707,59.64882657,54.66959712097707,57.98669547,17370950
1586266200,56.32814629548854,61.60965949,56.32814629548854,60.36426560999999,11802856
1586352600,58.34620595274426,61.42176641,58.34620595274426,60.550954245,9511570
1586439000,59.44858009887213,62.45758724,59.20559161,60.7749806125,20815010
1586784600,60.111780355686065,60.55456757,59.13814281,59.892124020000004,10961670
1586871000,60.00195218784303,63.16098185,60.00195218784303,62.496129412500004,15346446
1586957400,61.249040800171514,61.73010377,60.69910071,61.3808153525,12026728
1587043800,61.31492807633576,63.31996831,61.31492807633576,62.6683647375,9309966
1587130200,61.99164640691788,64.53370943,61.99164640691788,63.8691099225,10195166
1587389400,62.93037816470894,63.65239453,62.2793297,62.71654245,6241222
1587475800,62.823460307354466,62.823460307354466,59.15259612,60.370299865,12767292
1587562200,61.59688008617724,63.22843065,61.20978447,62.14202322,12030526
1587648600,61.86945165308862,63.5560391,61.86945165308862,62.71292912250001,8544478
1587735000,62.291190387794316,63.70539001,61.82067787,62.841563615,7987978
1587994200,62.56637700139716,64.88092621,62.56637700139716,64.31002031,8903624
1588080600,63.43819865569858,65.74330727,63.43819865569858,64.72675753,9113566
1588167000,64.08247809284929,67.14046095,64.08247809284929,65.98058251,9770988
1588253400,65.03153030142465,66.53342177,64.31724697,65.45303655500001,13736398
1588339800,65.24228342821233,65.24228342821233,61.15197122,62.187792047500004,12031126
1588599000,63.715037737856164,63.715037737856164,60.75691397,61.528961822499994,7615792
1588685400,62.62199978017808,63.99445629,62.52503604,63.088715285000006,9668896
1588771800,62.85535753258904,64.57567222,62.85535753258904,63.82780957999999,6652898
1588858200,63.341583556294516,64.99978063,63.341583556294516,64.48344803250001,6246778
1588944600,63.912515794397265,65.91192927,63.912515794397265,65.3241611725,6033270
1589203800,64.61833848344864,66.34071092,64.61833848344864,65.640929635,5441712
1589290200,65.12963405922432,66.44188411,64.03540735,65.206727995,7153254
1589376600,65.16818102711215,65.16818102711215,62.03844114,63.557243542500004,13728498
1589463000,64.36271228480608,64.74602861,61.38322424,63.3139460925,11389616
1589549400,63.838329188653034,63.838329188653034,62.08180108,62.83096452,14959036
1589808600,63.33464685432652,66.27807989,63.33464685432652,65.45062767,8480874
1589895000,64.39263726216326,67.09710101,64.39263726216326,66.06730239500001,7989994
1589981400,65.22996982858163,68.41760395,65.22996982858163,67.6861819525,9048698
1590067800,66.45807589054081,68.07029082,66.24435549,67.1392565125,8866372
1590154200,66.7986662015204,66.7986662015204,65.56504974,66.2443554925,4968938
1590499800,66.5215108470102,68.47980138,66.5215108470102,67.6366913975,9327184
1590586200,67.07910112225511,68.07510859,65.3530678,67.14286984,13018704
1590672600,67.11098548112756,68.41717035,66.26844435,67.2464519225,10385744
1590759000,67.17871870181378,68.35935709,66.62014165,67.4451849875,12026206
1591018200,67.31195184465689,68.19796176,67.31195184465689,67.8167556025,6335062
1591104600,67.56435372357845,69.24100924,67.56435372357845,68.5894056725,7555808
1591191000,68.07687969803922,71.37046416,68.07687969803922,70.72729169249999,8987508
1591277400,69.4020856952696,72.35328951,69.4020856952696,71.4174374325,6281538
1591363800,70.4097615638848,74.56464654,70.4097615638848,73.705878805,9793530
1591623000,72.05782018444239,73.92306393,72.00640997,73.2937546,5562422
1591709400,72.6757873922212,73.75285207,72.30029402,73.01874417,5725996
1591795800,72.8472657811106,74.54537545,72.8472657811106,73.9696517825,7013284
1591882200,73.4084587818053,73.4084587818053,69.27473364,70.7309050225,9342858
1591968600,72.06968190215264,72.06968190215264,68.82186314,70.52253641,9391828
1592227800,71.29610915607631,71.31265091,68.57133903,69.96367494,8523544
1592314200,70.62989204803816,73.52882571,70.62989204803816,72.547204805,7783666
1592400600,71.58854842651908,73.71671879,71.58854842651908,73.10606627749999,9421924
1592487000,72.34730735200954,73.39874588,72.34730735200954,72.98863310000002,5770018
1592573400,72.66797022600477,74.16958929,72.46409825,73.2602349575,6698106
1592832600,72.96410259175238,73.37465703,72.0353166,72.845906625,5636014
1592919000,72.90500460837619,74.24185586,72.90500460837619,73.750443185,4749284
1593005400,73.3277238966881,73.56736788,71.46200182,72.5496136925,8941852
1593091800,72.93866879459405,72.93866879459405,70.86941595,72.03170327500001,4635484
1593178200,72.48518603479704,72.66162687,70.99226911,71.8251413275,7897858
1593437400,72.15516368114852,72.15516368114852,70.26719453,71.3427619775,6789718
1593523800,71.74896282932426,73.88437723,71.74896282932426,73.0034477475,8866664
1593610200,72.37620528841214,73.69262993,72.37620528841214,73.2241016725,6057518
1593696600,72.80015348045606,74.43938449,72.80015348045606,73.90702076000001,6947370
1594042200,73.35358712022804,76.16896439,73.35358712022804,75.6044902125,6926344
1594128600,74.47903866636402,76.15451107,74.47903866636402,75.4185965025,5952530
1594215000,74.948817584432,76.12560444,74.948817584432,75.7185027675,5181802
1594301400,75.333660175966,77.68174458,75.333660175966,76.75010805,11834058
1594387800,76.041884112983,77.58057138,76.041884112983,77.07952316250001,4752362
1594647000,76.56070363774151,79.03741724,75.81244931,77.263068205,9496672
1594733400,76.91188592137075,77.42158493,74.58391762,76.17631148749999,7806648
1594819800,76.54409870443537,77.7443756,75.77872491,77.03134544999999,6357278
1594906200,76.78772207721768,77.06025208,75.68718725,76.4351462475,6811230
1594992600,76.61143416235885,77.4601271,76.61143416235885,77.1963541175,4978830
1595251800,76.90389413992942,78.93436512,76.75673249,77.9298598,4485574
1595338200,77.4168769699647,79.5751287,77.4168769699647,78.88859628750001,6096294
1595424600,78.15273662873236,79.46431996,78.15273662873236,78.8091030625,4728946
1595511000,78.48091984561617,79.51731544,76.92535448,78.2430149325,7435996
1595597400,78.3619673890581,78.3619673890581,75.74981828,76.7374613975,6040894
1595856600,77.54971439327905,79.97982149,77.54971439327905,79.23077849500001,5584730
1595943000,78.39024644413954,78.92472957,77.72510452,78.3297348175,5693362
1596029400,78.35999063081977,80.10508354,78.35999063081977,79.2125914075,6411962
1596115800,78.78629101915988,80.6494917,78.78629101915988,79.816017265,6549890
1596202200,79.30115414207994,80.7169405,78.92954735,80.11110576,10354982
1596461400,79.70612995103997,81.63713482,79.70612995103997,81.071648915,4027858
1596547800,80.38888943301998,82.76931108,80.38888943301998,82.12132083999998,5996992
1596634200,81.25510513650998,83.39080358,81.25510513650998,82.78858216500001,4377218
1596720600,82.02184365075499,82.74522222,81.77685019,82.46820037250001,4439020
1596807000,82.2450220116275,82.88122791,80.81329593,81.9650202925,5515216
1597066200,82.10502115206376,82.11409418,80.52422965,81.5757082375,4575270
1597152600,81.84036469478187,82.14781858,80.3315188,81.1987176325,6514676
1597239000,81.51954116364094,83.34744363,80.95301129,82.173111875,5740314
1597325400,81.84632651932047,83.15473278,81.84632651932047,82.6187557225,4550142
1597411800,82.23254112091024,83.27999484,82.03700984,82.52480918500001,3263100
1597671000,82.37867515295513,83.88221625,82.37867515295513,83.3691236075,2801762
1597757400,82.87389938022756,83.98820722,82.69222674,83.342625865,3021820
1597843800,83.10826262261378,83.14991501,82.21044961,82.71029338,4716762
1597930200,82.90927800130689,82.90927800130689,81.04936672,81.5775149025,5814798
1598016600,82.24339645190344,82.35980052,81.42997065,81.96233438249999,4163094
1598275800,82.10286541720171,83.53533672,82.10286541720171,83.0884884275,2595322
1598362200,82.59567692235086,84.05083825,82.59567692235086,83.6443387925,2598880
1598448600,83.12000785742543,84.75905063,83.12000785742543,84.36519782250001,2835924
1598535000,83.74260283996273,84.98066811,82.78858216,83.95809614749999,6243256
1598621400,83.85034949373136,84.6964196,83.27517707,84.03277160500001,2711602
1598880600,83.94156054936568,85.10111239,83.78104305,84.43264662249999,3468914
1598967000,84.18710358593283,86.18992871,84.18710358593283,85.5503695675,3668178
1599053400,84.86873657671642,88.94087612,84.86873657671642,87.8448331525,7924922
1599139800,86.35678486460822,87.1149408,83.04392404,85.25166774499999,13800318
1599226200,85.8042263048041,85.8042263048041,79.73175445,82.38570808499999,9851354
1599571800,84.09496719490204,84.09496719490204,78.80669418,79.590184235,7993394
1599658200,81.84257571495101,81.84257571495101,79.97018595,80.9499399675,4672290
1599744600,81.3962578412255,82.53324028,79.68593744,81.12776390249999,5838008
1599831000,81.26201087186274,81.59859265,79.23788471,80.420647565,4779832
1600090200,80.84132921843137,82.38870714,80.84132921843137,81.8165968025,4549686
1600176600,81.32896301046569,84.06047379,81.32896301046569,83.32382451000001,7696242
1600263000,82.32639376023285,84.18573584,82.32639376023285,83.2787903925,3870646
1600349400,82.80259207636642,82.80259207636642,80.07617692,81.2642513675,4373960
1600435800,82.03342172193321,82.95238639,80.09125654,81.725215725,5509248
1600695000,81.87931872346661,81.87931872346661,79.02590277,80.2363678125,8011734
1600781400,81.05784326798332,81.91656556,80.14844349,81.356499645,3214242
1600867800,81.20717145649166,82.21526738,79.61367087,80.89640248250001,4852162
1600954200,81.05178696949584,81.71421916,79.05962717,80.13278573,6386164
1601040600,80.59228634974792,81.78648573,79.45468442,80.791615955,5076726
1601299800,80.69195115237396,83.67505208,80.69195115237396,83.050813455,3918684
1601386200,81.87138230368697,84.58561086,81.87138230368697,83.8641496075,6431392
1601472600,82.86776595559348,84.88431268,82.86776595559348,84.0660383125,5782210
1601559000,83.46690213404673,86.27664859,83.46690213404673,85.72709746000001,4724854
1601645400,84.59699979702337,85.2504633,83.38598581,84.03518048999999,6279372
1601904600,84.31609014351167,86.26219528,84.1423759,85.21914779000001,3832234
1601991000,84.76761896675583,87.49554473,84.76761896675583,86.0562355525,10500200
1602077400,85.41192725962792,87.57262907,85.41192725962792,87.12096301250001,3467612
1602163800,86.26644513606396,88.52173002,86.26644513606396,88.26638814,3773226
1602250200,87.26641663803198,90.14050118,87.26641663803198,89.7815772175,5310136
1602509400,88.52399692776599,91.88453439,88.52399692776599,91.29797073499999,4606586
1602595800,89.91098383138299,91.99534313,89.91098383138299,91.41359724750001,3183154
1602682200,90.6622905394415,91.79781451,90.18867889,91.09080657,4294234
1602768600,90.87654855472076,90.87654855472076,88.83970293,89.712923975,2656244
1602855000,90.29473626486038,91.06551327,89.76471502,90.43318078749999,3466998
1603114200,90.36395852618018,91.09923767,89.04204932,90.0092169125,4638618
1603200600,90.18658771934008,90.18658771934008,89.17212915,89.70810620750001,4994578
1603287000,89.94734696342005,89.9526081,88.80116076,89.3142534025,4890666
1603373400,89.63080018296003,89.63080018296003,87.84242427,88.7252808575,3147160
1603459800,89.17804052023001,89.17804052023001,87.8038821,88.4916189475,3332080
1603719000,88.834829733865,88.834829733865,85.69369826,87.1715496125,6465254
1603805400,88.0031896731825,88.0031896731825,86.09357328,86.9125944025,3752108
1603891800,87.45789203784125,87.45789203784125,83.47752346,84.29534013749999,9156348
1603978200,85.87661608767061,86.48381276,83.5208834,84.87467714,4594222
1604064600,85.3756466138353,85.3756466138353,83.37635026,84.4073533225,4847440
1604327400,84.89149996816765,85.68888049,84.12310482,84.9481481525,3878526
1604413800,84.91982406033382,87.32933162,84.91982406033382,86.3326551825,5890174
1604500200,85.62623962141691,90.20794998,85.62623962141691,89.04883033499999,7822518
1604586600,87.33753497820845,93.59484321,87.33753497820845,92.823313265,6045494
1604673000,90.08042412160422,95.1919344,90.08042412160422,94.0519292625,6303608
1604932200,92.06617669205211,97.74776208,92.06617669205211,95.65805377250001,10781236
1605018600,93.86211523227607,93.86211523227607,90.75235814,92.09651633,6903188
1605105000,92.97931578113804,94.40422879,92.41930701,93.3732257275,5375384
1605191400,93.17627075431902,94.75592609,92.72764437,93.72853635999999,6405544
1605277800,93.4524035571595,95.26179208,93.4524035571595,94.5066064275,4875048
1605537000,93.97950499232975,97.46833134,93.97950499232975,96.25786629749999,4773406
1605623400,95.11868564491488,96.95764758,95.11868564491488,96.4025198825,3430226
1605709800,95.76060276370744,97.01064307,95.54604059,96.18078195999999,7665230
1605796200,95.97069236185371,96.92874095,94.75110832,95.90135122000001,4394818
1605882600,95.93602179092686,97.62250002,95.93602179092686,96.810705555,3579314
1606141800,96.37336367296342,98.25844583,96.37336367296342,97.47676244,5039904
1606228200,96.92506305648172,98.51378771,96.72639456,97.9621528975,3909890
1606314600,97.44360797699086,98.76431182,97.44360797699086,98.21508589250001,3595642
1606487400,97.82934693474544,100.00247905,97.82934693474544,99.26897336500001,3684552
1606746600,98.54916014987273,101.4381749,98.27289915,99.95671022,8532526
1606833000,99.25293518493638,103.100306,99.25293518493638,101.98980971249999,6738106
1606919400,100.62137244871818,103.07621714,100.62137244871818,102.4884490425,5308988
1607005800,101.55491074560908,103.90005604,101.55491074560908,103.14487038499999,4605118
1607092200,102.34989056530453,105.69708473,102.34989056530453,104.462530835,5366978
1607351400,103.40621070015226,106.4245682,103.40621070015226,106.11743528,4150660
1607437800,104.76182299007613,106.85334985,104.76182299007613,106.2776261775,3726026
1607524200,105.51972458378806,106.29448838,102.45954242,104.4468730825,7175164
1607610600,104.98329883314403,104.98329883314403,101.82841437,102.79558196250001,4239406
1607697000,103.88944039782203,103.88944039782203,101.37250867,102.3696548425,4151642
1607956200,103.12954762016102,104.03254475,102.87868852,103.4080411425,4346512
1608042600,103.26879438133051,105.32611634,103.26879438133051,104.84193032499999,5029394
1608129000,104.05536235316525,105.48992057,104.05536235316525,105.0442767225,2536298
1608215400,104.54981953783263,105.70190251,104.54981953783263,105.23457869,2250840
1608301800,104.89219911391632,105.29239194,103.95546041,104.74738156499998,6821120
1608561000,104.81979033945815,104.81979033945815,102.26604248,103.384274115,4260758
1608647400,104.10203222722907,104.26479056,103.01799868,103.86334298,3693908
1608733800,103.98268760361454,104.4151818,103.07621464,103.671715435,2660068
1608820200,103.82720151930727,104.25993923,103.43036175,103.84029916000001,1142898
1609165800,103.83375033965365,105.51158245,103.83375033965365,104.7222467525,2445734
1609252200,104.27799854607682,104.6868563,102.81036174,103.9751661425,4497940
1609338600,104.12658234428841,105.80751359,104.12658234428841,105.06162156250001,2108846
1609425000,104.59410195339422,106.02097213,104.59410195339422,105.6607608525,2863096
1609770600,105.12743140294711,109.15493149,105.06040873,106.84691111,9300588
1609857000,105.98717125647354,108.13615213,105.97731015,107.03126165750001,4639014
1609943400,106.50921645698678,109.74194246,106.50921645698678,107.81960283250001,7689260
1610029800,107.16440964474339,112.38591747,107.16440964474339,110.90504889750001,5244660
1610116200,109.0347292711217,114.45500983,109.0347292711217,112.70186035249999,6728068
1610375400,110.86829481181084,114.17605834,110.86829481181084,112.497401035,6266994
1610461800,111.68284792340542,114.85524458,111.68284792340542,114.00504895,6375140
1610548200,112.8439484367027,114.79702862,112.79342921,113.9140865075,4428042
1610634600,113.37901747210135,117.82425872,113.37901747210135,115.96256072,6605696
1610721000,114.67078909605067,116.03896917,112.89530715,114.66846836750001,7656894
1611066600,114.66962873177533,117.88732601,114.66962873177533,116.80062803000001,6144486
1611153000,115.73512838088767,119.72598019,115.73512838088767,118.3688205425,6309846
1611239400,117.05197446169385,119.41064372,117.05197446169385,118.67566718500001,7217856
1611325800,117.86382082334693,118.50829629,116.81518202,117.52347624000001,5508702
1611585000,117.69364853167346,118.2220678,114.96197385,117.124454325,7048468
1611671400,117.40905142833674,117.40905142833674,115.28701298,116.237873715,5392994
1611757800,116.82346257166837,116.82346257166837,109.12097218,111.19006455000002,11583590
1611844200,114.0067635608342,114.0067635608342,110.98873434,112.20267059,7953618
1611930600,113.1047170754171,113.1047170754171,109.43145732,110.9741803525,8083676
1612189800,112.03944871395855,114.41382204,111.33317879,112.909873265,5437840
1612276200,112.47466098947928,116.02965462,112.47466098947928,115.5653701825,8677388
1612362600,114.02001558598964,116.34460298,113.52598008,114.960761015,6479774
1612449000,114.49038830049483,114.94256853,112.71580793,113.992920625,5895736
1612535400,114.24165446274742,115.69937605,113.94804582,114.8576702475,4920582
1612794600,114.5496623551237,117.93341365,114.5496623551237,116.53804978,8969132
1612881000,115.54385606756185,118.48403964,115.54385606756185,117.6277798425,3216156
1612967400,116.58581795503093,119.28936047,116.4270756,118.05105841250001,7481162
1613053800,117.31843818376547,122.25109761,117.31843818376547,120.7017039975,10339946
1613140200,119.01007109063274,123.72827917,119.01007109063274,122.5227599775,6800792
1613485800,120.76641553406637,125.45054993,120.76641553406637,124.60035429999999,6947738
1613572200,122.68338491703318,123.45665318,120.32269382,122.14800684,7337990
1613658600,122.41569587851659,122.41569587851659,119.00313198,120.26811635000001,6065342
1613745000,121.34190611425831,124.10188011,121.34190611425831,122.88013322249999,8658840
1614004200,122.11101966837916,122.18560465,118.21236514,120.1480459275,6752942
1614090600,121.12953279793958,121.12953279793958,112.97777976,116.303366675,9492350
1614177000,118.7164497364698,121.30751387,115.6751194,118.6732415225,9290986
1614263400,118.6948456294849,120.45367974,114.11784238,117.237247755,12311890
1614349800,117.96604669224246,117.96604669224246,113.96745114,116.29730251000001,10312696
1614609000,117.13167460112123,120.43427442,117.13167460112123,119.2820834725,7118900
1614695400,118.20687903681062,120.64288162,116.60657482,118.6501977025,7697296
1614781800,118.42853836965531,118.42853836965531,112.91471247,114.9947203275,9035078
1614868200,116.71162934857766,116.71162934857766,105.93364818,109.78560443250001,18054788
1614954600,113.24861689053884,113.24861689053884,105.23020529,109.438734315,14766656
1615213800,111.34367560276942,111.34367560276942,104.85665286,107.7553227075,15614524
1615300200,109.54949915513471,111.83286581,108.33020534,110.010633385,14207142
1615386600,109.78006627006735,112.81283453,108.7716764,110.81287362,12627410
1615473000,110.29646994503368,113.97230247,110.29646994503368,112.8021009625,8957336
1615559400,111.54928545376684,112.25978288,110.48904732,111.52480633750001,7449184
1615815000,111.53704589563343,114.42832752,111.53704589563343,113.31373438499999,6876340
1615901400,112.42539014031671,117.31486904,112.42539014031671,115.85098012499999,9247120
1615987800,114.13818513265835,117.68357014,113.05054972,115.341590445,10292348
1616074200,114.73988778882918,115.24820234,111.98325705,113.59875004,8934818
1616160600,114.16931891441459,114.35555756,110.998437,112.7437030725,14151120
1616419800,113.4565109934573,117.31486904,113.4565109934573,115.71029155,9827338
1616506200,114.58340127172865,116.2039144,112.65962952,114.5573971575,9038676
1616592600,114.57039921461433,115.13177041,111.16095657,113.103307935,8924972
1616679000,113.83685357480717,113.83685357480717,108.86870301,110.55575311499999,13527970
1616765400,112.19630334490358,117.25713821,111.65336659,114.52304974,15262396
1617024600,113.3596765424518,116.38341362,113.3596765424518,115.45531775250001,12544272
1617111000,114.40749714747591,115.32097229,113.77824926,114.691512185,6676398
1617197400,114.54950466623795,118.79937611,114.54950466623795,117.1559879725,10132204
1617283800,115.85274631936898,122.71439965,115.85274631936898,121.5209724,11310214
1617629400,118.68685935968449,124.94116025,118.68685935968449,124.329892635,9784696
1617715800,121.50837599734224,124.43177057,121.50837599734224,123.3123261075,11804912
1617802200,122.41035105242112,123.51967197,122.00853109,122.8399156925,7925928
1617888600,122.62513337246057,124.52394585,122.62513337246057,124.21831204,6799390
1617975000,123.42172270623028,124.23286603,123.09280341,123.8154090575,5391220
1618234200,123.61856588186515,123.63130108,121.71502561,122.9424121775,6823334
1618320600,123.28048902968257,123.99029952,121.64225566,122.9902099075,7384086
1618407000,123.13534946859129,123.36932924,120.80782685,122.042490405,7224572
1618493400,122.58891993679563,123.16072204,121.38998648,122.5482415875,8138786
1618579800,122.56858076214782,123.18497869,122.11283469,122.68893016749999,7214972
1618839000,122.62875546482391,122.62875546482391,118.27058111,120.29965,10237522
1618925400,121.46420273241196,121.46420273241196,117.13536982,118.33243557,9636616
1619011800,119.89831915120598,120.93396143,117.45070629,119.30997862,9880218
1619098200,119.604148885603,120.96792075,117.4361523,119.3451507675,8253280
1619184600,119.4746498265515,121.10860933,118.63928221,119.84726345,6415088
1619443800,119.66095663827575,122.99577681,119.66095663827575,121.970933285,5541598
1619530200,120.81594496163788,123.42269387,120.81594496163788,122.6622478475,6919586
1619616600,121.73909640456894,121.86056552,120.13834327,121.037052205,6782448
1619703000,121.38807430478447,121.94303813,119.43004905,121.1595482925,7921592
1619789400,121.27381129864224,121.27381129864224,117.59139487,118.72539332,9111606
1620048600,119.99960230932112,119.99960230932112,116.15054977,117.5210505775,9077930
1620135000,118.76032644341056,118.76032644341056,112.93896912,114.6648298725,14625390
1620221400,116.71257815795528,117.05774853,114.95227119,115.979843585,9871592
1620307800,116.34621087147764,116.73756074,114.25853096,115.7175685425,12851168
1620394200,116.03188970698882,119.10015859,116.03188970698882,118.13474386000001,10771582
1620653400,117.08331678349441,117.08331678349441,112.73521325,114.9013322225,10633992
1620739800,115.9923245029972,115.9923245029972,109.28591741,111.37198943499999,13493064
1620826200,113.6821569689986,113.6821569689986,108.09734149,109.60046553750001,15262730
1620912600,111.64131125324931,111.64131125324931,108.6746498,110.07183291999999,17899906
1620999000,110.85657208662465,113.95774848,110.31925076,112.22339790000001,8363548
1621258200,111.53998499331233,111.97840572,110.04757627,111.375627935,10105374
1621344600,111.45780646415616,113.37558885,111.18278755,112.2197594025,7617598
1621431000,111.83878293332808,113.43380481,108.64069048,111.04937597,16199930
1621517400,111.44407945166404,116.61142615,111.44407945166404,115.265181995,11437616
1621603800,113.35463072333202,116.90245745,113.35463072333202,116.120216825,10890962
1621863000,114.73742377416602,118.87214606,114.73742377416602,117.4761757725,7521912
1621949400,116.10679977333301,119.57558895,116.10679977333301,118.89640271249999,8098154
1622035800,117.50160124291651,119.53677831,117.50160124291651,118.85516640499999,6491998
1622122200,118.17838382395826,120.02676267,118.17838382395826,119.199610855,5487834
1622208600,118.68899733947913,121.31721653,118.68899733947913,120.453679735,6944074
1622554200,119.57133853723957,122.8017236,119.57133853723957,121.31236519750001,7920014
1622640600,120.44185186736979,121.80234956,120.15289726,120.9824747375,6451484
1622727000,120.7121633024349,120.7121633024349,118.76056547,119.71263903500001,7640996
1622813400,120.21240116871746,122.43302249,120.21240116871746,121.34875017499999,7182292
1623072600,120.78057567185873,121.72472827,120.57496299,121.3463245075,5799874
1623159000,121.06345008967936,122.21956396,119.47371102,121.0722243475,6159338
1623245400,121.06783721858969,121.08435267,119.92973607,120.471872225,5712108
1623331800,120.76985472179484,121.82175488,119.99765469,120.858765815,6569954
1623418200,120.81431026839742,122.00610543,120.81431026839742,121.7744544075,4843178
1623677400,121.29438233794872,123.6507064,121.29438233794872,122.8114262575,6280370
1623763800,122.05290429772435,124.14069076,122.05290429772435,123.0649082625,6987388
1623850200,122.55890628011218,123.3790319,120.52644969,122.1055577,9597608
1623936600,122.3322319900561,123.89812424,121.09890666,122.25473610249999,7849402
1624023000,122.29348404627805,122.29348404627805,119.40579239,120.8151038425,10137534
1624282200,121.55429394438903,121.55429394438903,118.83818675,119.75993950750001,7902218
1624368600,120.65711672594452,120.9436641,119.47371102,120.37969695,6094738
1624455000,120.51840683797226,122.161348,120.51840683797226,121.51612107,4196120
1624541400,121.01726395398613,123.76228699,121.01726395398613,123.1328268875,4043112
1624627800,122.07504542074307,124.06306947,122.07504542074307,123.376606235,5170698
1624887000,122.72582582787153,126.39655934,122.72582582787153,125.07942317,6955436
1624973400,123.90262449893577,127.08544824,123.90262449893577,126.37715402,5117560
1625059800,125.13988925946788,127.34256875,125.13988925946788,126.91443885,5429566
1625146200,126.02716405473393,126.92535434,124.91205227,126.019477565,4886328
1625232600,126.02332080986696,126.35289737,125.26619938,126.002388755,3515836
1625578200,126.01285478243348,127.15326984,124.42206791,126.043600805,5563454
1625664600,126.02822779371674,126.935057,123.76228699,125.4202291175,5018786
1625751000,125.72422845560837,125.72422845560837,120.74475955,122.07402404999999,6860580
1625837400,123.89912625280418,124.90234961,122.30203658,123.78411798,5521760
1626096600,123.84162211640209,126.41596466,123.84162211640209,125.70403194,4457560
1626183000,124.77282702820105,126.73615246,124.77282702820105,125.99996308749999,4907290
1626269400,125.38639505785052,128.007201,125.35837466,126.6379130225,6704250
1626355800,126.01215404017526,126.01215404017526,121.45790511,123.40692705000001,12503126
1626442200,124.70954054508763,124.70954054508763,119.44945437,121.4166687975,8994208
1626701400,123.06310467129381,123.06310467129381,117.44585496,118.750862805,12381218
1626787800,120.9069837381469,121.91393015,118.57136358,120.46338239500001,7590240
1626874200,120.68518306657346,124.71314773,120.68518306657346,123.188617185,6350082
1626960600,121.93690012578674,124.65493177,121.93690012578674,123.89327291,6214474
1627047000,122.91508651789337,124.85868764,122.91508651789337,124.3626391175,4456412
1627306200,123.63886281769669,124.92175493,123.63886281769669,124.41479091750001,2543896
1627392600,124.02682686759834,124.13098809,120.03646533,122.6282885375,6707000
1627479000,123.32755770254917,124.97511957,122.2583746,123.6978249425,6731574
1627565400,123.51269132252459,127.17762352,123.51269132252459,125.9356829625,6820500
1627651800,124.72418714251229,128.0557143,124.72418714251229,126.78345293000001,6459688
1627911000,125.75382003625614,129.98654375,125.75382003625614,128.87680195000002,8518844
1627997400,127.31531099312808,129.73427458,127.31531099312808,128.9483590725,6436922
1628083800,128.13183503281405,131.62629339,128.13183503281405,130.6960508075,7093106
1628170200,129.413942920157,131.85430591,129.413942920157,131.17026834249998,5626798
1628256600,130.2921056313285,130.99562045,129.97198976,130.32007271,4119498
1628515800,130.30608917066425,130.88889119,129.39953279,130.1818098,3998144
1628602200,130.2439494853321,130.36009619,127.44929801,129.08904765,6655530
1628688600,129.66649856766605,129.66649856766605,126.43536998,127.98415717750001,4258270
1628775000,128.82532787258305,128.82532787258305,125.49421191,126.6185077025,9068392
1628861400,127.72191778754151,127.72191778754151,126.0860742,126.8416688925,5656780
1629120600,127.28179334002076,127.33771742,125.81439971,126.68278782750001,4517644
1629207000,126.98229058376037,126.98229058376037,123.31596461,124.72770172,10177072
1629293400,125.85499615188019,125.85499615188019,122.67073768,123.714380105,5631928
1629379800,124.7846881284401,124.7846881284401,120.96792075,122.785956775,8966670
1629466200,123.78532245172005,124.80047167,123.08310075,124.0994544475,6447694
1629725400,123.94238844961002,128.09452494,123.94238844961002,126.91322601249999,9150558
1629811800,125.427807231055,128.76400852,125.427807231055,128.204892705,4813012
1629898200,126.8163499680275,130.43286614,126.8163499680275,129.20790524,10723960
1629984600,128.01212760401376,130.14178632,128.01212760401376,129.4250022725,5221638
1630071000,128.71856493825686,132.22785835,128.71856493825686,130.91678633749999,6363552
1630330200,129.81767563787844,133.50860954,129.81767563787844,132.6588990425,4993822
1630416600,131.23828734018923,132.72754537,130.36979885,131.80336695,5864464
1630503000,131.52082714509461,132.19389903,131.0198771,131.6044624,5119670
1630589400,131.5626447725473,132.77605867,130.99562045,131.6723810275,3220106
1630675800,131.61751290002366,133.04288184,131.13630903,132.03501797,3617704
1631021400,131.82626543501183,132.8294233,131.52441545,132.360057095,3927362
1631107800,132.0931612650059,132.0931612650059,129.5450727,130.887678355,4984748
1631194200,131.49041981000295,131.80579261,130.48623077,131.00896161,4631686
1631280600,131.24969071000146,133.91612129,131.24969071000146,132.55168464500002,7345300
1631539800,131.90068767750074,133.40673161,131.38857821,132.76150468,5600966
1631626200,132.33109617875039,134.11987716,132.33109617875039,133.3303231525,5451676
1631712600,132.8307096656252,133.64444679,132.01439981,133.0913951375,4266840
1631799000,132.9610524015626,134.23145776,132.01925114,133.16295226,5166128
1631885400,133.0620023307813,133.41158294,130.96651247,132.3151822925,7483640
1632144600,132.68859231164066,132.68859231164066,126.34319471,128.1042276,7809202
1632231000,130.39640995582033,130.39640995582033,127.52206797,128.6487894275,4624356
1632317400,129.52259969166016,131.18967366,128.78826517,130.015651735,4947624
1632403800,129.76912571333008,132.88278794,129.76912571333008,132.0277409725,4484190
1632490200,130.89843334291504,132.36369559,130.89843334291504,131.790025785,2781914
1632749400,131.34422956395753,132.1405344,129.87496316,131.1350961975,4060578
1632835800,131.23966288072876,131.23966288072876,126.21220879,127.8143606175,11220544
1632922200,129.52701174911437,129.52701174911437,124.08247479,125.49057340499999,9581768
1633008600,127.50879257705718,127.50879257705718,124.30078466,125.07093334,6558582
1633095000,126.28986295852859,126.28986295852859,122.42331983,124.1929395825,7362658
1633354200,125.2414012705143,125.2414012705143,120.69139492,122.2668644325,9562046
1633440600,123.75413285150715,123.76713832,121.58403969,122.60160622,6784640
1633527000,123.17786953575357,123.40813988,121.12316332,122.3178034,7441852
1633613400,122.7478364678768,126.26072209,122.7478364678768,125.1885780975,4943434
1633699800,123.9682072826884,125.40688796,123.38873456,124.43540906999999,4999524
1633959000,124.2018081763442,124.819877,122.81627759,123.36083941500002,4422040
1634045400,123.78132379567211,123.84475961,121.09405533,122.5300490975,8049402
1634131800,123.15568644658606,123.24076899,122.08372671,122.666492765,5695528
1634218200,122.91108960579302,126.406262,122.91108960579302,125.710096105,7074262
1634304600,124.31059285539652,127.50266265,124.31059285539652,127.21158283,5309512
1634563800,125.76108784269826,128.44867205,125.76108784269826,127.3007260225,4043304
1634650200,126.53090693259912,129.86040917,126.53090693259912,129.09511181500002,4631744
1634736600,127.81300937379957,129.97198976,127.81300937379957,129.40195845250003,4456900
1634823000,128.6074839131498,130.82339823,128.30313214,129.57721276,3889550
1634909400,129.0923483365749,131.74757665,129.0923483365749,130.3346267025,5938984
1635168600,129.71348751953747,131.02957977,129.71001793,130.29945456000002,3739036
1635255000,130.00647103976874,132.31033096,130.00647103976874,131.39464236999999,4962318
1635341400,130.70055670488438,131.4516455,129.67605861,130.31885987750002,7880914
1635427800,130.5097082911922,132.4122089,130.5097082911922,131.830049265,5989344
1635514200,131.16987877809612,132.79546399,131.16987877809612,132.0192511425,4406214
1635773400,131.59456496029804,134.34788968,131.59456496029804,133.46538419,4430806
1635859800,132.52997457514903,135.83724808,132.52997457514903,135.0100962675,4611892
1635946200,133.7700354213245,137.18106657,133.7700354213245,136.395151065,6096722
1636032600,135.08259324316225,143.64788985,135.08259324316225,140.6897912025,15122328
1636119000,137.88619222283114,145.41377407,137.88619222283114,143.96201348000002,9548544
1636381800,140.92410285141557,147.41252215,140.92410285141557,145.72122712750001,8629994
1636468200,143.3226649894578,148.42645018,143.3226649894578,147.0668648675,11542860
1636554600,145.1947649284789,145.69515123,141.44053456,143.2415909325,10610902
1636641000,144.21817793048945,145.00626233,143.32770205,144.31616059499999,5640278
1636727400,144.26716926274472,146.66056596,144.19609017,145.5010980175,5272182
1636986600,144.88413364012234,147.04624671,144.4095487,146.095385975,5636916
1637073000,145.48975980756117,147.99468178,144.94804636,146.55019819,4880342
1637159400,146.01997899878057,148.188735,146.01997899878057,147.310644215,5819198
1637245800,146.66531160689027,151.18685711,146.66531160689027,150.2493375325,7604440
1637332200,148.45732456969512,152.36573037,148.45732456969512,150.9706818375,6666182
1637591400,149.71400320359754,154.67011226,149.07167711,151.2620527325,10941090
1637677800,150.48802796804875,150.48802796804875,145.52535467,147.93404015750002,10522354
1637764200,149.2110340627744,149.6635394,145.28278815,147.801841405,7165204
1637937000,148.5064377338872,148.5064377338872,144.51627797,146.188774085,6732680
1638196200,147.3476059094436,151.23537042,147.02926706,149.2681559875,9032744
1638282600,148.3078809484718,151.73505744,146.8036802,149.22752609499997,13931408
1638369000,148.76770352173588,153.09342992,147.26698224,149.6150261025,14237264
1638455400,149.19136481211794,149.19136481211794,145.12269425,146.9252060225,12560070
1638541800,148.05828541730898,150.11956445,144.34648141,147.34460352500003,13547548
1638801000,147.7014444711545,147.7014444711545,140.93599621,144.505362475,10211928
1638887400,146.10340347307726,153.0182343,146.10340347307726,150.8721270625,11288902
1638973800,148.48776526778863,152.24929845,148.48776526778863,151.5858790325,7148452
1639060200,150.0368221501443,152.433649,148.12809337,149.93703315,6494388
1639146600,149.98692765007215,151.24022175,147.66964266,149.76177884499998,7072730
1639405800,149.87435324753608,149.87699794,145.0984376,147.50833592499998,7499666
1639492200,148.69134458626803,148.69134458626803,142.44961126,143.9244156725,8492168
1639578600,146.30788012938402,150.5755895,143.40532333,147.2742592375,10836802
1639665000,146.791069683442,151.53130157,143.17245948,147.4598226225,14412322
1639751400,147.125446152971,147.125446152971,142.29922003,143.444133975,11279234
1640010600,145.2847900639855,145.2847900639855,140.5349986,141.81285553,11102030
1640097000,143.54882279699274,147.45103344,143.21264538,145.79518448000002,9070928
1640183400,144.6720036384964,149.07030253,144.6720036384964,147.63027482500001,5102960
1640269800,146.1511392317482,151.38215057,146.1511392317482,150.1286802175,4795644
1640615400,148.1399097246241,154.45242133,148.1399097246241,152.61428266000001,6443456
1640701800,150.37709619231205,155.05964724,150.37709619231205,153.7671583575,5077778
1640788200,152.07212727490602,153.90372322,151.91865539,152.8441262025,6252326
1640874600,152.45812673870302,153.15261647,150.84076843,151.94913861499998,5910694
1640961000,152.2036326768515,152.2036326768515,150.56763871,151.1431620575,2929872
1641220200,151.67339736717577,153.97688296,151.41141447,152.78681773,7155196
1641306600,152.23010754858788,155.43520061,149.82140928,153.2489434725,11485510
1641393000,152.73952551054396,153.08921136,147.78756828,150.17135674,16288398
1641479400,151.455441125272,151.455441125272,146.20731773,148.32224410999999,13102394
1641565800,149.888842617636,149.888842617636,144.46123841,146.96720364499998,13858846
1641825000,148.42802313131799,148.42802313131799,140.33502862,143.36262285749999,14787890
1641911400,145.89532299440899,148.06557533,143.47602047,146.013444395,9940172
1641997800,145.9543836947045,150.41156458,145.9543836947045,149.0898118,11784508
1642084200,147.52209774735223,153.54767911,146.16829919,149.6177813125,16958554
1642170600,148.5699395299261,149.92383293,145.2855049,147.61930086249998,11727272
1642516200,148.09462019621304,148.09462019621304,142.71028177,145.0135945025,12516500
1642602600,146.5541073493565,146.5541073493565,138.94987072,141.876260645,17538948
1642689000,144.21518399717826,144.21518399717826,134.77488777,137.74517354,16708752
1642775400,140.98017876858913,140.98017876858913,132.4240212,134.15790723,26521866
1643034600,137.56904299929457,137.56904299929457,125.46409051,130.96326489999998,25145510
1643121000,134.26615394964728,134.26615394964728,128.2051424,129.9036678825,16935304
1643207400,132.08491091607362,136.0234808,128.71238332,132.0996796525,20527300
1643293800,132.09229528428682,132.3654934,124.83003936,128.620933635,22095942
1643380200,130.35661445964342,130.35661445964342,121.62076508,125.53359227249999,21911400
1643639400,127.9451033660717,134.32129733,127.75642928,131.2242013325,14468818
1643725800,129.58465234928585,135.34553381,129.58465234928585,134.3188586775,11685468
1643812200,131.95175551339292,138.53529882,131.95175551339292,137.5817834375,11819470
1643898600,134.76676947544647,136.83311535,131.68754641,133.912822075,16690676
1643985000,134.33979577522325,134.33979577522325,129.97073099,132.15211080749998,9879192
1644244200,133.24595329136162,135.06752676,132.50205827,133.5567779675,10319748
1644330600,133.4013656294308,136.26734663,131.9509215,134.0847474825,10124730
1644417000,133.7430565559654,140.61571819,133.7430565559654,138.8273891125,20297298
1644503400,136.28522283423268,141.6142512,135.73571913,137.8008968825,16619528
1644589800,137.04305985836635,137.54764222,128.55630919,133.00990885000002,23369824
1644849000,135.0264843541832,135.0264843541832,127.66863758,129.69150461499999,15577514
1644935400,132.3589944845916,136.47219393,131.77046079,134.18412281,12811954
1645021800,133.2715586472958,136.65265464,133.26291965,135.2004336425,10021054
1645108200,134.2359961448979,134.76513314,130.7120831,132.72397617000001,15832920
1645194600,133.47998615744896,133.47998615744896,127.63937368,129.942686415,17236446
1645540200,131.71133628622448,131.71133628622448,126.58587331,128.633126925,17874714
1645626600,130.17223160561224,131.58024544,125.44458124,128.3514618975,15235758
1645713000,129.2618467515561,130.12680512,120.35266278,125.37751814250001,21510110
1645799400,127.31968244702806,131.96555345,127.31968244702806,130.51699043999997,17730994
1646058600,128.91833644351402,132.10699563,128.2636702,130.2792212575,17840222
1646145000,129.59877885050702,131.22907865,125.40556271,128.40755103749999,16570968
1646231400,129.00316494400352,131.50220838,127.28630474,129.299624425,16573532
1646317800,129.15139468450175,131.26321987,127.19553788,129.4147169025,16515254
1646404200,129.28305579350086,129.28305579350086,123.05469614,125.439703925,16157950
1646663400,127.36137985925043,127.36137985925043,118.27980326,121.73904000750001,17728520
1646749800,124.55020993337521,124.55020993337521,116.88489073,120.0002766625,25880766
1646836200,122.2752432979376,126.17617872,122.2752432979376,124.6434820025,13344784
1646922600,123.4593626502188,123.4593626502188,120.32339888,122.2950540925,14997820
1647009000,122.87720837135939,124.70322913,119.7673848,122.2036044075,14765150
1647264600,122.54040638942969,122.54040638942969,115.74847597,118.079833275,23371360
1647351000,120.31011983221484,121.62076508,116.63127027,119.26258253750001,20833752
1647437400,119.78635118485742,127.71741075,119.78635118485742,125.317771015,23147480
1647523800,122.55206109992872,128.51729066,122.55206109992872,127.22358244999998,13429258
1647610200,124.88782177496435,131.70217836,124.88782177496435,129.342776485,16140452
1647869400,127.11529912998218,131.96555345,127.11529912998218,130.636484695,13897106
1647955800,128.87589191249108,133.34095671,128.87589191249108,131.7265649375,11647258
1648042200,130.30122842499554,132.25331512,128.51241334,129.99267891,15410946
1648128600,130.14695366749777,134.86755679,129.34643447,132.2984303025,16911530
1648215000,131.2226919849989,134.85780215,131.2226919849989,133.982323835,11025950
1648474200,132.60250790999945,135.32602454,131.72168762,133.9042867725,13225150
1648560600,133.25339734124972,138.72063685,133.25339734124972,137.63421459,14346016
1648647000,135.44380596562485,137.86222914,133.54580401,135.8088788775,14507870
1648733400,135.6263424215624,135.6263424215624,131.26809718,132.9593066925,15526604
1648819800,134.29282455703122,134.29282455703122,127.5857232,130.4157861175,15469994
1649079000,132.3543053372656,132.3543053372656,129.36106642,130.624291405,11604484
1649165400,131.4892983711328,131.4892983711328,125.55188221,128.2246516675,22220320
1649251800,129.8569750193164,129.8569750193164,121.90852676,123.4485394525,22542744
1649338200,126.6527572359082,126.6527572359082,121.01110051,122.897402685,15147020
1649424600,124.7750799604541,124.7750799604541,120.18683402,121.46347162250001,13650922
1649683800,123.11927579147705,123.11927579147705,117.51406456,118.2980931925,15627808
1649770200,120.70868449198852,121.01110051,116.6702888,118.69559448999999,21096810
1649856600,119.70213949099426,120.81600785,117.4360275,119.06627054750001,16482890
1649943000,119.38420501924713,120.57701934,116.15329325,118.34320837,15282074
1650288600,118.86370669462357,119.17235218,115.63629769,117.17143307250001,14242974
1650375000,118.01756988356179,120.84527175,117.01657827,119.01627805,13227872
1650461400,118.5169239667809,123.52779585,118.5169239667809,121.69026684250001,13034518
1650547800,120.10359540464046,123.27417539,116.65565685,119.7637268125,18008966
1650634200,119.93366110857022,119.93366110857022,114.39258198,115.916743395,14250910
1650893400,117.92520225178511,117.92520225178511,113.34883624,115.0010272175,19083130
1650979800,116.46311473464255,116.46311473464255,111.50033327,113.4134606825,18289042
1651066200,114.93828770857127,114.93828770857127,110.12980733,111.2316541,14756400
1651152600,113.08497090428563,118.35784032,112.01732883,115.257086335,19096916
1651239000,114.17102861964281,117.63599747,111.90027323,114.17798005,14487858
1651498200,114.1745043348214,115.45095967,111.07112942,113.50369103999999,16399270
1651584600,113.8390976874107,117.06047412,113.8390976874107,115.6314203775,10625340
1651671000,114.73525903245536,120.56238739,113.37322282,117.82255483,20898448
1651757400,116.27890693122768,118.41636812,113.03424932,116.10025243,15564104
1651843800,116.18957968061383,116.18957968061383,111.40766426,113.6426945625,19808446
1652103000,114.91613712155691,114.91613712155691,107.25219057,109.568915925,18250888
1652189400,112.24252652327846,112.3050905,108.01792927,110.46512284,19597750
1652275800,111.35382468163922,112.03196078,106.94491963,108.88853027,18200422
1652362200,110.12117747581962,110.12117747581962,104.97204509,106.819938395,15976848
1652448600,108.4705579354098,113.98288739,108.4705579354098,111.56251906,13530916
1652707800,110.0165384977049,113.16837553,110.0165384977049,111.9466077375,10146156
1652794200,110.98157311760245,117.03608754,110.98157311760245,115.568015265,10557080
1652880600,113.27479419130123,116.25571689,110.69069873,113.25250924000001,10887638
1652967000,113.26365171565061,113.89509569,110.16394854,111.4369281575,13706536
1653053400,112.35028993657531,113.40736404,106.69617649,111.14063118,18009754
1653312600,111.74546055828765,112.46604195,110.05177026,111.3893743225,8604182
1653399000,111.56741744039383,111.56741744039383,108.19351266,109.6152504325,12751574
1653485400,110.59133393644692,112.29045855,108.59345262,110.28100414,10999462
1653571800,110.43616903822345,115.65580696,109.96885588,112.81355075,8707526
1653658200,111.62485989411172,119.97954807,111.62485989411172,118.47482275750001,9288342
1654003800,115.04984132580586,120.2697484,115.04984132580586,119.13089499,10122268
1654090200,117.09036815790293,120.45020911,115.88991815,118.377349585,9778766
1654176600,117.73385887145147,121.50370948,116.77758976,119.24063461,8733280
1654263000,118.48724674072574,119.38207679,117.24093483,118.335892395,7802130
1654522200,118.41156956786287,120.68919762,117.31409458,118.96018891,8430788
1654608600,118.68587923893143,119.18698413,115.67043891,117.575031015,5774390
1654695000,118.13045512696571,118.86020392,115.71921208,117.35555177250001,8183892
1654781400,117.74300344973287,117.74300344973287,113.28543113,114.9303061275,9877162
1654867800,116.33665478861644,116.33665478861644,108.96900599,110.39562107500001,11145342
1655127000,113.36613793180823,113.36613793180823,102.7455501,104.368477175,13311062
1655213400,108.86730755340412,108.86730755340412,102.57728268,103.86062659,9095368
1655299800,106.36396707170206,107.51556567,103.33082808,105.42929352,11026606
1655386200,105.89663029585103,105.89663029585103,98.51203934,100.8031465925,16871542
1655472600,103.34988844417552,103.34988844417552,98.06332622,99.8520820625,14288910
1655818200,101.60098525333777,104.52577063,101.60098525333777,103.06745298750002,10006156
1655904600,102.3342191204189,103.39911051,100.99459346,101.81032465000001,7195554
1655991000,102.07227188520946,102.31146892,99.70210458,101.34454091999999,8493258
1656077400,101.70840640260472,105.47684735,101.70840640260472,104.04901294000001,12663212
1656336600,102.87870967130237,106.56936626,102.87870967130237,105.59999959749999,5422520
1656423000,104.23935463440118,106.72056307,102.41389257,104.2745888275,8944684
1656509400,104.2569717309506,104.2569717309506,99.51676655,100.85437060749999,7706786
1656595800,102.55567116922529,102.55567116922529,97.65363164,99.28143603000001,9802102
1656682200,100.91855359961265,100.91855359961265,94.43460272,96.40503860000001,12926302
1657027800,98.66179609980634,98.66179609980634,92.63975024,94.49922716500001,14544902
1657114200,96.58051163240317,97.78531918,95.14669094,96.43674116,6654768
1657200600,96.50862639620158,101.64278883,96.50862639620158,100.229342495,9013424
1657287000,98.36898444560079,102.37487404,98.36898444560079,100.8360806725,5470002
1657546200,99.60253255905039,100.66781325,98.75590517,99.736245795,5457748
1657632600,99.6693891770252,100.89216981,98.72176396,99.80087024,5470604
1657719000,99.7351297085126,100.83851933,97.24881436,98.88759271749998,7035654
1657805400,99.3113612130063,102.5992306,98.30231473,100.71292843,6802552
1657891800,100.01214482150314,104.79270616,100.01214482150314,103.86700367750001,7738206
1658151000,101.93957424950158,106.80835477,101.93957424950158,105.13299654,8425028
1658237400,103.53628539475079,109.11532549,103.53628539475079,107.2826738,9005174
1658323800,105.4094795973754,111.68074521,105.4094795973754,109.77314136249998,10183416
1658410200,107.59131047993769,113.22202601,107.59131047993769,112.129507105,8359634
1658496600,109.86040879246885,112.95865092,109.78839517,111.53325516,11208960
1658755800,110.69683197623442,110.69683197623442,108.40811459,109.6030571425,6005284
1658842200,110.14994455936721,110.14994455936721,107.93501489,108.93730343749999,4261266
1658928600,109.5436239984336,114.06580177,109.5436239984336,111.8307714675,9976694
1659015000,110.68719773296681,114.89494558,110.68719773296681,113.595140725,6426434
1659101400,112.1411692289834,116.00551056,112.1411692289834,114.52878104249999,6415846
1659360600,113.3349751357417,116.96536645,113.3349751357417,115.36133897500001,6570186
1659447000,114.34815705537085,117.40188628,114.11945225,115.44364369,6815694
1659533400,114.89590037268542,118.79187272,114.89590037268542,117.02022407,7424422
1659619800,115.95806222134271,119.8551765,115.95806222134271,118.93946031750001,5658702
1659706200,117.44876126942137,119.75763017,117.10924729,118.3566209925,5279892
1659965400,117.90269113096068,118.34808569,115.13393409,116.89342603,8430518
1660051800,117.39805858048034,117.39805858048034,110.58339777,112.7624120875,13725920
1660138200,115.08023533399017,116.47519614,113.39760941,115.2814729175,8435180
1660224600,115.18085412574509,119.48937776,115.18085412574509,117.31043659500001,8788904
1660311000,116.24564536037255,119.8429832,116.24564536037255,118.3084574875,5824954
1660570200,117.27705142393627,120.49898228,117.27705142393627,119.521080315,4506188
1660656600,118.39906586946813,119.93809088,117.57259236,118.99067214,4302216
1660743000,118.69486900473407,118.69486900473407,114.8120312,116.4081330375,6676082
1660829400,117.55150102111703,118.71388443,115.78754328,117.1568133175,5241644
1660915800,117.35415716930851,117.35415716930851,114.22675322,115.52899672999999,6864340
1661175000,116.44157694965425,116.44157694965425,110.20784439,111.496675285,6987538
1661261400,113.96912611732712,113.96912611732712,110.58339777,111.31011792999999,4517204
1661347800,112.63962202366355,112.63962202366355,110.08596025,111.0418777125,4493408
1661434200,111.84074986808177,115.00712386,111.44180548,113.2281226575,5456772
1661520600,112.53443626279088,114.90470021,108.58369799,111.710057885,9142564
1661779800,112.12224707389544,112.12224707389544,106.48157456,107.38387812,9062348
1661866200,109.75306259694773,109.75306259694773,104.2526409,106.2755079375,8744918
1661952600,108.01428526722387,108.01428526722387,103.76003194,105.15860245,7843276
1662039000,106.58644385861194,106.58644385861194,99.57529435,101.60303869999998,13796414
1662125400,104.09474127930596,104.65258086,100.92631103,102.65044242249999,6884594
1662471000,103.37259185090298,103.37259185090298,99.58504898,100.78358855249999,7472206
1662557400,102.07809020170149,102.5992306,99.73624579,101.1543255775,7927362
1662643800,101.61620788960074,103.60883512,100.13130843,101.9505475,7830374
1662730200,101.78337769480038,106.07187997,101.78337769480038,105.2634647575,8128292
1662989400,103.52342122615019,106.7303177,103.52342122615019,105.996281565,7184862
1663075800,104.7598513955751,104.7598513955751,99.4436068,101.1677381975,9622090
1663162200,102.96379479653754,102.96379479653754,99.48262534,100.585386605,10439102
1663248600,101.77459070076877,101.77459070076877,98.31206937,99.665524705,9906240
1663335000,100.72005770288439,100.72005770288439,97.258569,98.57605412499998,8689942
1663594200,99.64805591394219,100.38492889,98.09259012,99.19120567,6698194
1663680600,99.41963079197109,99.6191902,98.11209939,98.89003137750001,5462776
1663767000,99.15483108473555,102.11637626,97.87311088,99.215592255,11149350
1663853400,99.18521166986778,99.18521166986778,94.85892926,96.2587191075,11633348
1663939800,97.72196538868388,97.72196538868388,92.41051636,93.70422457250001,8751968
1664199000,95.71309498059195,95.71309498059195,92.57146781,93.5493697725,5982778
1664285400,94.63123237654597,94.96623023,92.127632,93.67739932999999,8243828
1664371800,94.15431585327298,95.04426729,92.1861598,93.5969236075,9941320
1664458200,93.87561973038649,93.87561973038649,90.42544853,92.0044797625,10499980
1664544600,92.94004974644324,92.97140776,90.28400635,91.02413913500001,6782542
1664803800,91.98209444072162,94.45411199,90.77173801,92.5226946425,8538904
1664890200,92.25239454161081,97.84384698,92.25239454161081,96.9622720175,10874206
1664976600,94.6073332795554,99.22900488,94.6073332795554,97.27076229,6730948
1665063000,95.9390477847777,99.84354676,95.9390477847777,98.34742991499999,8594750
1665149400,97.14323884988885,97.14323884988885,91.60088182,93.4347528325,12253506
1665408600,95.28899584119442,95.28899584119442,87.84047077,90.115738935,13134618
1665495000,92.7023673880972,92.7023673880972,84.95553804,86.5351789325,16052568
1665581400,89.6187731602986,89.6187731602986,85.20671984,85.88222818,7606072
1665667800,87.75050067014931,89.83529323,81.43655416,85.4457083525,21406366
1665754200,86.59810451132466,89.26952451,84.27515238,86.762583815,9984966
1666013400,86.68034416316233,87.53807714,85.75297929,86.6016323675,8269638
1666099800,86.64098826533117,89.58167277,85.13356009,87.5453931175,9798466
1666186200,87.09319069141559,87.95752637,85.62129175,86.6930820575,8535872
1666272600,86.8931363744578,90.42544853,86.8931363744578,88.37453692999999,10876984
1666359000,87.6338366522289,91.02535847,87.08448671,89.11710837249998,12884058
1666618200,88.37547251236444,91.54723134,88.37547251236444,90.55591675,9834686
1666704600,89.46569463118222,93.2786787,89.46569463118222,92.105684075,13488890
1666791000,90.7856893530911,93.82006084,90.5034856,91.78012319999999,9898272
1666877400,91.28290627654555,93.62984549,90.44983511,91.87888885749999,10174652
1666963800,91.58089756702276,94.16391166,90.62541851,92.40015206499999,9214950
1667223000,91.99052481601137,93.483526,91.78621985,92.703155355,5975842
1667309400,92.34684008550569,94.49800784,92.34684008550569,93.5554664175,4670036
1667395800,92.95115325150284,95.3125197,90.22060124,92.35930454000001,11903846
1667482200,92.65522889575143,92.65522889575143,87.98191295,89.21221604499999,11461258
1667568600,90.93372247037571,93.42987552,90.93372247037571,92.601951035,8471092
1667831400,91.76783675268786,95.45396188,91.76783675268786,94.35351733499999,10213838
1667917800,93.06067704384392,98.36084253,93.06067704384392,96.991535915,12147000
1668004200,95.02610647942197,96.27335106,94.45411199,95.3222743325,8639930
1668090600,95.17419040596099,104.4574882,95.17419040596099,102.0170009375,17078044
1668177000,98.59559567173049,108.18863535,98.59559567173049,106.0852925925,12646464
1668436200,102.34044413211524,108.56906604,102.34044413211524,107.236339295,12231920
1668522600,104.78839171355762,111.82613802,104.78839171355762,110.48926555999999,11456548
1668609000,107.63882863677881,107.92526025,105.45343624,106.780554065,10710958
1668695400,107.20969135088941,107.37412349,103.76978657,105.5012339375,9019762
1668781800,106.35546264419472,108.6178392,105.76460903,107.515565665,8025470
1669041000,106.93551415459736,106.93551415459736,104.74524987,105.4085649225,5071636
1669127400,106.17203953854869,108.25204046,105.1646991,106.93394567,8283702
1669213800,106.55299260427435,110.26637219,106.55299260427435,108.94096142250001,5779932
1669386600,107.74697701338718,109.01777916,107.74697701338718,108.3581221,2207350
1669645800,108.05254955669359,108.05254955669359,104.77939109,106.14382039,7853686
1669732200,107.0981849733468,107.0981849733468,104.33555529,105.35491444249999,4908890
1669818600,106.2265497079234,111.07600674,104.58429843,108.03621920750001,12688248
1669905000,107.1313844577117,112.10512052,107.1313844577117,110.93578388499999,8752324
1669991400,109.03358417135584,109.56891593,107.42289665,108.542240795,8204276
1670250600,108.78791248317792,109.4128418,106.92053305,108.236189185,7068978
1670337000,108.51205083408897,108.51205083408897,104.64282623,106.46450395250001,6089920
1670423400,107.48827739329448,107.48827739329448,104.50138405,105.17445373000001,5651762
1670509800,106.33136556164725,108.43737849,105.29150933,106.95589359499999,7260014
1670596200,106.64362957832361,109.27139962,106.64362957832361,107.87770642000001,4938368
1670855400,107.26066799916181,109.2957862,106.384077,107.9033245225,6827672
1670941800,107.5819962608309,114.41691979,107.5819962608309,112.3197102575,9469980
1671028200,109.95085325916546,112.03683809,108.06182512,109.9944617925,7518964
1671114600,109.97265752583273,109.97265752583273,104.66233549,106.12796911249998,8841994
1671201000,108.05031331916635,108.05031331916635,103.24303638,104.34409058749999,8276248
1671460200,106.19720195333318,106.19720195333318,102.04912912,103.374810845,7226902
1671546600,104.78600639916658,104.78600639916658,101.61504543,102.27480331000001,4510092
1671633000,103.5304048545833,105.02852171,102.80877558,103.90878310500001,5675506
1671719400,103.71959397979165,103.71959397979165,98.38408161,100.988583745,9552326
1671805800,102.35408886239583,102.35408886239583,98.62085453,99.7886876375,3876262
1672151400,101.07138824994792,101.07138824994792,98.31995561,99.09563356750002,4636158
1672237800,100.08351090872397,100.08351090872397,96.94617939,97.90252001500001,5064044
1672324200,98.99301546186199,100.82580236,98.52713192,99.68016671500001,8302008
1672410600,99.33659108843099,100.23880283,98.23313887,99.39455938,4410996
1672756200,99.3655752342155,101.99486866,98.70471161,100.48420809250001,4472474
1672842600,99.92489166335776,102.4042885,99.92489166335776,101.35237547,10039868
1672929000,100.63863356667888,101.48186066,99.97489967,100.531685995,5936418
1673015400,100.58515978083943,105.02353962,100.0661559,102.797664515,7005844
1673274600,101.69141214791972,108.87608169,101.69141214791972,106.9214718925,11422664
1673361000,104.30644202020986,108.07697308,104.30644202020986,107.09535201,5463946
1673447400,105.70089701510493,109.33976199,105.70089701510493,108.4426145925,5737052
1673533800,107.07175580380246,111.70749121,107.07175580380246,110.2245774675,7704844
1673620200,108.64816663565122,111.4361889,108.64816663565122,110.505128715,4264468
1673965800,109.5766476753256,112.78776766,109.5766476753256,111.71612354999999,5059216
1674052200,110.6463856126628,113.97163227,110.6463856126628,112.40732783749999,9374614
1674138600,111.52685672508139,111.52685672508139,108.38280477,109.47787953,9283094
1674225000,110.50236812754069,112.1563732,108.90074553,110.70860544,5709700
1674484200,110.60548678377035,117.7452007,110.60548678377035,115.23688756499999,12789906
1674570600,112.92118717438517,117.52322609,112.92118717438517,116.46638029000002,7328630
1674657000,114.6937837321926,116.97568871,113.59180904,115.4711941025,6854082
1674743400,115.0824889173463,118.89946869,115.0824889173463,118.079395815,7196364
1674829800,116.58094236617315,118.97346023,116.3689581,117.55652228,7254526
1675089000,117.06873232308658,117.27165486,115.10616918,115.9718701775,8049958
1675175400,116.52030125029329,116.96335678,114.53396796,115.834369235,5484094
1675261800,116.17733524264665,123.62506158,116.17733524264665,120.23624914499999,15518598
1675348200,118.20679219382332,126.10131172,118.20679219382332,124.540706865,12985842
1675434600,121.37374952941167,125.44032065,121.37374952941167,123.18851151000001,7489646
1675693800,122.28113051970584,122.43133144,120.24118191,121.062487985,7811358
1675780200,121.67180925235292,124.93224542,120.85284529,122.8210202025,10309114
1675866600,122.24641472742645,124.64614481,121.64702114,123.01216501249999,7844728
1675953000,122.62928986996323,125.58583734,121.51876914,123.418501875,8767106
1676039400,123.02389587248162,123.02389587248162,119.15103992,120.505085065,7529836
1676298600,121.7644904687408,122.49545744,119.99947622,121.3880507525,4030360
1676385000,121.57627061062041,125.17888388,120.64566899,122.993667125,9481956
1676471400,122.2849688678102,124.86811942,122.11070144,123.7348156975,7125120
1676557800,123.0098922826551,123.34882651,121.24746683,122.05767417,5418086
1676644200,122.53378322632756,122.53378322632756,118.68242685,119.9809783375,7574898
1676989800,121.25738078191378,121.25738078191378,115.9842021,117.2864531675,7695880
1677076200,119.2719169747069,119.2719169747069,114.97791718,116.0273638275,6987618
1677162600,117.64964040110345,120.21651807,117.5528227,119.227497845,11583204
1677249000,118.43856912305174,118.43856912305174,116.62546209,117.3653774725,6208188
1677508200,117.90197329777587,119.53579592,117.90197329777587,118.72065581,5851976
1677594600,118.31131455388794,119.66404792,117.49362947,118.23601123750001,4770542
1677681000,118.27366289569397,119.64431684,117.72053686,118.5344437725,4725784
1677767400,118.40405333409699,119.73310669,115.76716025,117.8265913925,6530442
1677853800,118.1153223632985,120.94163514,118.1153223632985,119.82682930249999,5385168
1678113000,118.97107583289925,122.24881898,118.97107583289925,120.671566025,6485374
1678199400,119.82132092894963,120.35956838,117.92278039,119.12884245999999,6616626
1678285800,119.47508169447481,121.61249175,118.79094777,120.2399487225,8112884
1678372200,119.8575152084874,123.10218805,118.94879639,120.637036645,8222930
1678458600,120.2472759267437,120.28557684,116.66985702,118.4555194675,13168186
1678714200,119.35139769712185,119.35139769712185,114.82500134,116.6057310175,9831434
1678800600,117.97856435731093,121.34118945,117.97856435731093,119.9933102625,11314508
1678887000,118.98593730990547,119.619653,116.94115932,118.69352558,12602294
1678973400,118.83973144495273,124.29098542,118.27793977,121.332557095,14746404
1679059800,120.08614426997636,125.38112742,120.08614426997636,124.01475035,9868572
1679319000,122.05044730998819,125.08516126,122.05044730998819,124.0739435775,6521364
1679405400,123.06219544374409,126.95468079,123.06219544374409,125.2294447625,11118200
1679491800,124.14582010312205,128.68608278,124.14582010312205,125.6524297225,8938034
1679578200,124.89912491281103,129.19909077,124.89912491281103,127.275310785,10950910
1679664600,126.08721784890551,127.07800002,124.3107165,125.96319418,11042914
1679923800,126.02520601445275,126.27889141,123.7508472,125.0216518625,7025660
1680010200,125.52342893847637,125.52342893847637,121.55921784,123.08701978250001,7771404
1680096600,124.30522436048818,127.82284817,124.30522436048818,126.28999014,9979202
1680183000,125.29760725024408,129.75156092,125.29760725024408,128.78498480000002,7807068
1680269400,127.04129602512205,130.01299769,127.04129602512205,128.86859523750002,7281628
1680528600,127.95494563131103,129.64797277,127.56634417,128.8661288525,8036492
1680615000,128.4105372419055,129.49998969,126.48113495,128.10771559,8057632
1680701400,128.25912641595275,128.25912641595275,123.53133897,125.0533572375,10065976
1680787800,126.65624182672637,126.65624182672637,122.96407051,124.103540195,7448080
1681133400,125.37989101086319,126.4564711,123.16631405,124.84407217,5991296
1681219800,125.1119815904316,127.02867233,125.1119815904316,126.2801246025,6288960
1681306200,125.69605309646579,127.02867233,123.38335589,125.17395111,7748904
1681392600,125.4350021032329,125.4350021032329,122.91474282,124.0973742325,5760774
1681479000,124.76618816786646,125.76588341,122.98518276,124.376420985,4901284
1681738200,124.57130457643322,124.57130457643322,122.65330605,123.60656369750001,5297078
1681824600,124.08893413696661,126.19010156,123.87170004,125.0654301875,5703642
1681911000,124.5771821622333,124.5771821622333,122.8260023,123.3500720325,5013022
1681997400,123.96362709736664,125.56363988,122.73223036,123.722483775,5879700
1682083800,123.84305543618332,123.84305543618332,121.62729006,122.6693375525,5202358
1682343000,123.25619649434165,123.25619649434165,121.06495437,122.0367099,4489098
1682429400,122.64645319717083,122.64645319717083,117.92771316,119.42234222750001,10464576
1682515800,121.03439771233542,121.03439771233542,118.23354485,119.049918155,7695312
1682602200,120.04215793366771,120.12279545,116.97568871,118.99812407750001,6814222
1682688600,119.52014100558387,121.96271836,119.52014100558387,121.1685425225,7553466
1682947800,120.34434176404193,123.27976774,120.34434176404193,122.6237094375,5202088
1683034200,121.48402560077096,123.49680958,120.85284529,122.258684515,6717686
1683120600,121.87135505788548,122.62864221,120.43355991,121.20800467749999,8223032
1683207000,121.53967986769274,121.53967986769274,119.30888854,120.16287420500001,5889236
1683293400,120.85127703634637,123.28963328,119.9550813,121.61742452,5553204
1683552600,121.2343507781732,123.46721297,121.2343507781732,122.71989843499999,3918938
1683639000,121.97712460658659,122.10576867,121.08961822,121.651953905,4951653
1683725400,121.81453925579329,123.35869205,121.3165256,122.478192745,5474872
1683811800,122.14636600039665,122.36227267,120.25104745,121.53110106,5339534
1683898200,121.83873353019833,122.22198471,120.17212315,121.36284430250001,3364892
1684157400,121.60078891634916,124.42417019,121.19320637,122.8666483175,6192761
1684243800,122.23371861692458,125.70669018,122.23371861692458,124.53515749999998,5126398
1684330200,123.38443805846228,128.19280586,123.38443805846228,126.65624825249999,6322773
1684416600,125.02034315548113,132.50404614,125.02034315548113,130.36075792,9632610
1684503000,127.69055053774056,132.12915568,127.69055053774056,131.6013493725,5312965
1684762200,129.64594995512027,131.81345845,129.64594995512027,130.94529107,4235142
1684848600,130.29562051256013,131.25112276,129.31747723,130.1757790725,4853834
1684935000,130.23569979253006,130.23569979253006,126.22956372,127.18282136500001,7897087
1685021400,128.70926057876503,139.24220886,128.70926057876503,137.08412233500002,16072916
1685107800,132.89669145688254,146.33553096,132.89669145688254,142.867794215,12978761
1685453400,137.88224283594127,149.67008294,137.88224283594127,147.47253426,13295426
1685539800,142.67738854797062,145.35884266,142.14267714,143.41779798,10728721
1685626200,143.0475932639853,145.80279189,141.86644207,143.7778901325,7272666
1685712600,143.41274169824266,146.18764654,143.33640729,144.9001197875,6765033
1685971800,144.15643074287132,144.15643074287132,141.66419853,142.787636715,6727936
1686058200,143.47203372893566,144.20467332,141.05746792,142.55212165,5815057
1686144600,143.01207768946784,146.17768235,142.22160145,143.85681444,8687507
1686231000,143.43444606473392,144.60412897,142.3893156,143.47329163249998,5377204
1686317400,143.45386884861693,147.13463957,143.45386884861693,145.529023195,5960253
1686576600,144.49144602180849,149.41357894,144.49144602180849,147.86962218000002,7634040
1686663000,146.18053410090425,152.27458507,146.18053410090425,151.127716235,8274603
1686749400,148.65412516795215,153.64589491,148.65412516795215,151.97368615,7123411
1686835800,150.31390565897607,153.65576045,150.31390565897607,152.318979995,7587956
1686922200,151.31644282698804,153.84320568,151.11045154,152.4940933025,6583153
1687267800,151.905268064744,151.905268064744,149.09788171,150.6122418525,4597998
1687354200,151.258754958622,151.258754958622,146.7301525,148.61940309750003,5911651
1687440600,149.93907902806103,149.93907902806103,145.9606405,147.2061647225,5959109
1687527000,148.5726218752805,148.5726218752805,144.9839522,145.68687181,5963465
1687786200,147.12974684264026,148.33823525,144.8557002,146.0888925,7403860
1687872600,146.60931967132012,149.75887278,144.9839522,147.4158074125,6459360
1687959000,147.01256354191005,149.49743601,146.7942785,147.83139322,6800173
1688045400,147.421978380955,148.93016756,146.90773219,148.1335253325,4225874
1688131800,147.7777518567275,150.90327524,147.7777518567275,149.95125078249998,5309236
1688391000,148.86450131961374,151.99835,148.86450131961374,151.21157331,2826855
1688563800,150.03803731480687,151.100586,148.63420141,149.652818245,5187452
1688650200,149.84542777990345,149.84542777990345,145.1763302,146.3762263075,4775622
1688736600,148.1108270437017,149.20640263,146.65122819,147.4823997975,4351861
1688995800,147.79661342060086,149.37411678,147.34181588,148.35303356,6415512
1689082200,148.07482349030045,150.14362878,147.41087464,149.2433984,5153489
1689168600,148.65911094515022,152.60014784,148.65911094515022,151.83310222749998,6484145
1689255000,150.24610658632508,156.33918689,150.24610658632508,155.11586012749999,6395932
1689341400,152.68098335691252,158.53920195,152.68098335691252,155.9963594275,7565581
1689600600,154.33867139220627,158.28763072,153.60643275,156.1702395425,7316071
1689687000,155.25445546735313,158.6279918,155.25445546735313,157.3035432675,6272862
1689773400,156.27899936742656,158.35175672,155.93469981,157.2517491875,9333684
1689859800,156.76537427746328,156.76537427746328,150.24228416,152.2523876075,14823249
1689946200,154.50888094248165,154.50888094248165,150.95260293,152.067408765,8246283
1690205400,153.28814485374085,153.28814485374085,150.844082,151.7689762275,4362531
1690291800,152.52856054062042,155.23424659,152.38310599,153.5719033675,5773695
1690378200,153.05023195406022,153.78401245,150.8934097,152.5532865325,6110042
1690464600,152.80175924328012,158.75624379,152.80175924328012,156.294791965,10244017
1690551000,154.54827560414006,158.87463026,154.54827560414006,157.97933264749997,7321149
1690810200,156.26380412582,159.00288225,156.26380412582,158.381353335,3934305
1690896600,157.32257873041,158.72664718,156.81273273,157.8584798025,4596966
1690983000,157.590529266455,157.590529266455,151.39655215,154.3118187475,10039844
1691069400,155.9511740069775,155.9511740069775,150.11403216,151.4409470775,6695690
1691155800,153.69606054223874,154.43513798,150.69609893,152.3633749175,6804363
1691415000,153.0297177298694,154.04051644,152.29431615,153.38939091,5701417
1691501400,153.20955431993468,153.20955431993468,149.49250325,151.10798515500002,8446539
1691587800,152.15876973746737,152.15876973746737,147.71670633,149.5911586275,8827135
1691674200,150.87496418248367,151.09950079,146.89786665,148.76464848749998,8639308
1691760600,149.81980633499182,149.81980633499182,144.07632267,145.1171369675,11182270
1692019800,147.46847165124592,148.70326017,143.07003775,145.97543880749998,8154245
1692106200,146.72195522937295,149.05841956,146.64629542,147.769733605,7596608
1692192600,147.24584441718648,147.24584441718648,144.44134759,145.7682625025,7232226
1692279000,146.50705345984323,146.50705345984323,143.07990329,144.55726766499998,7397207
1692365400,145.5321605624216,145.5321605624216,141.42249284,143.0330419825,8817884
1692624600,144.2826012724608,149.20146986,144.2826012724608,147.09887699,8109155
1692711000,145.6907391312304,151.17951031,145.6907391312304,149.14474301750002,10829385
1692797400,147.4177410743652,151.15977923,146.85840449,149.0189574025,8347747
1692883800,148.2183492384326,154.48446567,146.58216942,150.560447775,13494374
1692970200,149.3893985067163,149.3893985067163,144.30323005,146.6808248025,11769072
1693229400,148.03511165460816,149.05841956,146.89786665,148.29877309999998,6822854
1693315800,148.16694237730405,153.21181122,147.9140171,150.5456494675,8770007
1693402200,149.356295922402,154.11944075,149.356295922402,152.9676391425,6526073
1693488600,151.161967532451,155.04186859,151.161967532451,153.67425833,5965377
1693575000,152.4181129312255,155.51048166,152.4181129312255,154.52639421,4495608
1693920600,153.47225357061274,155.50061613,152.99476937,154.126839905,5472909
1694007000,153.79954673780637,154.69164198,151.19924139,153.12055499000002,6104023
1694093400,153.46005086390318,153.46005086390318,147.44047126,148.90550370999998,7813267
1694179800,151.1827772869516,151.1827772869516,147.73643741,148.78218448,5305601
1694439000,149.9824808834758,150.14362878,146.50324511,148.81424748,5824090
1694525400,149.39836418173792,149.61088971,147.15437065,147.87948772,6174909
1694611800,148.63892595086895,149.7884694,147.03598419,148.1680547175,6192028
1694698200,148.40349033418448,150.11403216,148.15079002,149.41604532,6951519
1694784600,148.90976782709225,148.90976782709225,144.20457467,146.441585495,10179601
1695043800,147.6756766610461,147.6756766610461,143.02071006,144.41175097500002,6786028
1695130200,146.04371381802306,146.04371381802306,143.11936544,144.24403682000002,5574192
1695216600,145.14387531901156,145.26018728,141.61980361,143.31420983,6978687
1695303000,144.2290425745058,144.2290425745058,138.79825963,139.49747966500001,9908709
1695389400,141.8632611197529,141.8632611197529,139.64669593,140.347149155,7332573
1695648600,141.10520513737646,141.18571992,138.76866301,140.100510695,7861256
1695735000,140.6028579161882,140.6028579161882,138.22112563,139.310034435,6702163
1695821400,139.95644617559412,140.99827469,137.88076456,139.72562023749998,8814511
1695907800,139.84103320654705,143.69156667,139.18301563,141.26217784250002,10791684
1695994200,140.55160552452355,144.95435559,140.55160552452355,143.76555821,7985312
1696253400,142.15858186726177,145.28978389,142.15858186726177,143.87901190000002,8600185
1696339800,143.0187968836309,144.88529682,140.24849377,142.38191645,9456637
1696426200,142.70035666681545,143.52385252,141.03773684,142.43371052499998,11083025
1696512600,142.56703359590773,143.93820513,141.73819007,143.0675713675,6094048
1696599000,142.81730248170385,146.94226157,141.60007253,144.39818585749998,9946009
1696858200,143.60774416960192,146.45885019,143.60774416960192,145.2342902375,6840462
1696944600,144.42101720355095,148.94496586,144.42101720355095,147.2690575275,6790629
1697031000,145.84503736552546,149.4037134,145.84503736552546,148.720524865,8921736
1697117400,147.2827811152627,151.98848446,147.2827811152627,150.155960705,8554914
1697203800,148.71937091013137,150.58017885,146.05929588,148.348717385,9134436
1697463000,148.53404414756568,148.65886525,146.42432081,147.426906145,9461813
1697549400,147.98047514628286,147.98047514628286,142.52743314,145.233057045,12857937
1697635800,146.60676609564143,146.60676609564143,142.68528175,143.57318021,12530917
1697722200,145.08997315282073,145.68440543,141.94536638,143.82968421,15718224
1697808600,144.4598286814104,144.4598286814104,140.02158639,141.48168607,8128776
1698067800,142.9707573757052,142.9707573757052,138.07807533,140.1486051975,9910711
1698154200,141.5596812866026,142.55209699,140.61351869,141.64323426250002,7822682
1698240600,141.6014577745513,141.6014577745513,136.17402642,138.7735957825,12447801
1698327000,140.18752677852564,140.18752677852564,134.79285104,136.5982445675,15094817
1698413400,138.3928856730128,138.3928856730128,135.81886703,136.8226855625,11346308
1698672600,137.6077856177564,137.7623781,134.67446458,136.27268180250002,8836000
1698759000,136.9402337101282,137.40228595,134.26997751,136.214721765,7900348
1698845400,136.5774777375641,140.66284638,136.5774777375641,138.9191124725,11750467
1698931800,137.74829510503204,145.05794374,137.74829510503204,143.8013207875,11736175
1699018200,140.77480794626604,148.51088218,140.77480794626604,146.70425545749998,8177192
1699281000,143.739531701883,148.41715956,143.739531701883,147.59585349,5423580
1699367400,145.6676925959415,149.48263771,145.6676925959415,148.3234369475,4600401
1699453800,146.99556477172075,150.06470447,146.99556477172075,149.30259163,6164967
1699540200,148.14907820086037,152.43243369,148.14907820086037,150.35820424,10529741
1699626600,149.25364122043018,155.54994382,149.25364122043018,153.1353532975,11430671
1699885800,151.1944972589651,154.90868382,151.1944972589651,154.10710882749999,7058860
1699972200,152.65080304323254,159.36790717,152.65080304323254,158.35178138499998,9744907
1700058600,155.50129221411626,160.04862932,155.50129221411626,159.26925179,9002896
1700145000,157.38527200205812,159.98943609,157.38527200205812,159.047277175,7281056
1700231400,158.21627458852907,160.76881363,158.21627458852907,159.7206001725,5168196
1700490600,158.96843738051456,163.21546715,158.96843738051456,161.70850615749998,7136063
1700577000,160.33847176900727,161.77016577,159.52575579,160.767580435,9001094
1700663400,160.55302610200363,162.71232469,159.16073087,160.71948593500002,9141768
1700836200,160.63625601850183,160.63625601850183,159.17059641,159.769927865,2943544
1701095400,160.20309194175093,160.69975486,158.56879857,159.4505310625,6034522
1701181800,159.82681150212545,159.82681150212545,157.4737238,158.5170044875,6165198
1701268200,159.17190799481273,162.12039239,159.17190799481273,160.64672759,7642803
1701354600,159.90931779240637,160.65042717,157.10869888,159.1829283325,9300945
1701441000,159.5461230624532,159.5461230624532,156.72394289,158.27036603,6115385
1701700200,158.9082445462266,158.9082445462266,154.45486906,156.39115361249998,8136978
1701786600,157.6496990793633,157.6496990793633,154.95307874,155.9531976975,4845947
1701873000,156.80144838843165,158.80557149,155.17505336,156.96811496,6457403
1701959400,156.88478167421584,159.26925179,156.09254843,157.7573580325,8790734
1702045800,157.32106985335793,160.74908255,157.32106985335793,159.55535240499998,5683682
1702305000,158.43821112917897,164.7446256,158.43821112917897,162.82824476500002,9671558
1702391400,160.6332279470895,165.93835574,160.6332279470895,164.56951229,6985375
1702477800,162.60137011854476,168.79936188,162.60137011854476,167.0457624275,8037599
1702564200,164.82356627302238,171.52225047,164.82356627302238,170.219999405,9446785
1702650600,167.5217828390112,173.4952595,167.5217828390112,172.03770019249998,6902023
1702909800,169.77974151575557,172.56574687,169.77974151575557,171.88588527,5157326
1702996200,170.83281339287777,172.74439663,170.83281339287777,172.21837232999997,5030981
1703082600,171.52559286143887,172.38709711,167.74220325,169.8735941825,8557352
1703169000,170.69959352196943,172.2431848,170.23337495,171.3735078225,8184454
1703255400,171.0365506722347,173.10169616,171.0365506722347,172.24814729,4089165
1703601000,171.64234898111735,174.98744367,171.64234898111735,173.57313304000002,4829214
1703687400,172.6077410105587,175.42414309,172.6077410105587,174.7182284,5113420
1703773800,173.66298470527934,175.40429312,173.66298470527934,174.8981187875,4033519
1703860200,174.28055174638968,175.05691858,172.36724713,173.92050758,5391625
1704205800,174.10052966319483,174.10052966319483,166.35270508,169.04237652999998,8988980
1704292200,171.5714530965974,171.5714530965974,164.12950802,165.04508806249999,9303597
1704378600,168.3082705795487,168.3082705795487,162.74000986,163.7349897925,7095771
1704465000,166.02163018602434,166.31300514,163.86153338,164.8118508725,6869797
1704724200,165.41674052926217,170.78917422,165.41674052926217,168.40717737,10514819
1704810600,166.91195894963107,172.42679705,166.91195894963107,170.36488102750002,6974268
1704897000,168.63841998856554,171.80152288,168.63841998856554,171.04722387750002,6329968
1704983400,169.84282193303278,173.220796,168.9133517,171.59061691,7993737
1705069800,170.7167194215164,172.86349648,170.7167194215164,171.93345076999998,4560988
1705415400,171.3250850957582,175.52835545,171.3250850957582,173.336173975,7678031
1705501800,172.3306295353791,173.61779548,170.20359999,172.58063435000003,6751357
1705588200,172.45563194268956,179.19067561,172.45563194268956,178.13614575500003,11983783
1705674600,175.2958888488448,185.90492924,175.2958888488448,183.19044532499998,12742362
1705933800,179.2431670869224,188.55490073,179.2431670869224,186.9147966525,8308947
1706020200,183.07898186971119,187.7509768,183.07898186971119,186.66170949,6031187
1706106600,184.87034567985557,193.83499375,184.87034567985557,190.7830602875,14706600
1706193000,187.8267029836778,194.43049297,187.8267029836778,192.376020685,11109397
1706279400,190.1013618343389,190.1013618343389,186.29200372,187.48250589999998,9921891
1706538600,188.79193386716943,189.08092504,186.41110357,187.96188277,8035540
1706625000,188.3769083185847,189.46799953,186.27215375,187.8998516,6340052
1706711400,188.13837995929237,188.13837995929237,182.76863338,184.718893305,10827142
1706797800,186.42863663214618,186.6890032,183.6618822,185.46078607500002,6322515
1706884200,185.9447113535731,190.28681094,185.9447113535731,188.33282915,7865373
1707143400,187.13877025178655,194.2518432,187.13877025178655,192.4579018225,8600545
1707229800,189.79833603714326,194.42056798,188.69385055,192.1973709175,8505107
1707316200,190.99785347732163,195.3138168,190.96171005,193.4193849275,7138780
1707402600,192.20861920241083,199.35328646,192.20861920241083,197.17971433,8963823
1707489000,194.6941667662054,202.66813283,194.6941667662054,200.72539108249998,7642219
1707748200,197.7097789243527,205.56632824,197.7097789243527,202.5565759725,9718898
1707834600,200.13317744842635,200.13317744842635,194.81756745,197.0903894475,11269582
1707921000,198.61178344796318,202.37544496,198.61178344796318,200.8854563075,7932497
1708007400,199.74861987773158,203.20418137,199.74861987773158,201.966039255,7103363
1708093800,200.8573295663658,204.53412961,199.700661,201.81716445249998,6273103
1708439400,201.33724700943287,201.33724700943287,193.18986961,196.8770022325,11318447
1708525800,199.10712462096643,199.10712462096643,192.26684583,194.13522461000002,8648132
1708612200,196.62117461548323,209.1193743,196.62117461548323,206.97068907749997,12445661
1708698600,201.7959318464916,211.75952006,201.7959318464916,208.667886645,8526178
1708957800,205.2319092457458,210.02760985,205.2319092457458,208.770858385,7552229
1709044200,207.0013838153729,210.17152216,207.0013838153729,208.759692775,4969724
1709130600,207.88053829518645,207.88053829518645,204.88150415,205.99307786749998,4505810
1709217000,206.9368080813432,210.96055861,206.9368080813432,209.19267032500002,6450597
1709303400,208.0647392031716,219.65980961,208.0647392031716,215.85853963749997,10273258
1709562600,211.96163942033579,225.42622699,211.96163942033579,222.7886617275,10905082
1709649000,217.3751505739179,221.55548211,216.65253859,219.47619735749998,10421010
1709735400,218.42567396570894,227.04399985,218.42567396570894,224.2838113725,11245445
1709821800,221.35474266910447,233.14786678,221.35474266910447,230.32668926,13047986
1709908200,225.84071596455223,237.34772423,222.75640552,229.63978091999996,22519154
1710163800,227.74024844227608,227.74024844227608,217.37706263,219.84342187,12843835
1710250200,223.79183515613803,226.30955082,218.90551061,223.585141925,10410265
1710336600,223.688488540569,224.17567864,219.49108484,222.4065497325,9835835
1710423000,223.0475191365345,223.0475191365345,215.78003299,219.252934775,11440058
1710509400,221.15022695576727,221.15022695576727,214.31024169,216.119070545,11402014
1710768600,218.63464875038363,221.4860072,216.18606421,218.7045296275,8671721
1710855000,218.6695891889418,218.6695891889418,211.22357077,214.6749849525,10606869
1710941400,216.67228707072093,219.95755922,215.2034905,217.999855555,9158063
1711027800,217.33607131286047,228.32432316,217.33607131286047,225.97954500999998,11728038
1711114200,221.65780816143024,227.53498895,221.65780816143024,225.2264121925,5350234
1711373400,223.44211017696512,227.52039922,223.17523997,224.90069893749998,4938942
1711459800,224.17140455723256,227.73874893,223.0740051,225.2947209125,6402507
1711546200,224.73306273486628,225.13840237,219.82853439,223.2650610975,7614662
1711632600,223.99906191618314,224.24515355,222.06165644,223.05911762,3763264
1711978200,223.52908976809158,229.21757198,223.52908976809158,225.7661577925,7896809
1712064600,224.6476237802958,224.6476237802958,220.71185822,222.58519949499998,5995047
1712151000,223.6164116376479,225.81330148,221.00960783,223.024380165,5914890
1712237400,223.32039590132393,228.08612347,217.99241182,222.9251302975,9294036
1712323800,223.12276309941197,223.12276309941197,217.96263686,220.22057137000002,8103963
1712583000,221.67166723470598,223.59010442,220.5034335,222.170831295,4215259
1712669400,221.92124926485297,224.25507854,218.38941129,222.1832375275,5376028
1712755800,222.0522433961765,222.69377885,218.84596069,220.3413832725,8164904
1712842200,221.19681333433823,225.86292641,220.01710914,223.32212977,7200625
1712928600,222.25947155216912,222.25947155216912,218.31993638,220.32724016499998,8741486
1713187800,221.29335585858456,223.29235481,214.98514079,219.0196479575,6750355
1713274200,220.1565019080423,220.1565019080423,214.84638948,216.6922881625,6754863
1713360600,218.42439503527115,218.46881119,210.47919675,214.4045290625,11726419
1713447000,216.41446204888558,216.41446204888558,205.80452793,208.22870597250002,10350628
1713533400,212.3215840106928,212.3215840106928,196.95143963,201.5690397775,13584568
1713792600,206.9453118940964,206.9453118940964,197.6561137,200.3656351175,9801705
1713879000,203.6554735057982,207.01537633,202.40025743,204.65322945250003,7300632
1713965400,204.1543514791491,211.54117035,204.1543514791491,208.615780465,6564870
1714051800,206.38506597207456,212.07711964,204.20660504,208.107124885,8682207
1714138200,207.24609542853727,217.03991083,207.24609542853727,213.58331083500002,6365428
1714397400,210.41470313176865,216.97013817,210.41470313176865,215.7121460825,4817964
1714483800,213.06342460713432,217.97256184,212.4840441,214.66257872,4944785
1714570200,213.86300166356716,213.86300166356716,204.56142332,208.3347792725,12945808
1714656600,211.09889046803357,211.14417087,205.754903,209.280754585,6382549
1714743000,210.1898225265168,216.7220135,210.1898225265168,215.1637905575,6379116
1715002200,212.6768065420084,221.00960783,212.6768065420084,219.07919788,5343124
1715088600,215.8780022110042,221.50585717,215.8780022110042,220.1113965175,5067007
1715175000,217.99469936425209,220.1957589,217.05946305,218.575504795,5404255
1715261400,218.28510207962603,220.10643402,217.2480378,218.878216895,4023276
1715347800,218.581659487313,223.74890421,218.581659487313,221.8557129625,6126631
1715607000,220.2186862249065,222.86061788,220.2186862249065,221.8544723375,3972377
1715693400,221.03657928120325,225.61976423,220.57290841,223.2092330475,5050504
1715779800,222.1229061643516,232.24469298,222.1229061643516,229.68900885499997,8212767
1715866200,225.90595750967577,233.34636652,225.90595750967577,231.5623501275,6209568
1715952600,228.73415381858788,232.06604321,226.90505004,229.83292116500002,5241271
1716211800,229.28353749179394,234.2693903,229.15305956,231.598328205,4986447
1716298200,230.44093284839698,233.15779177,230.13067077,231.852655995,4396157
1716384600,231.14679442169847,235.43557626,231.14679442169847,234.4046182475,8112705
1716471000,232.77570633459925,242.72547912,232.77570633459925,239.76783303,12401014
1716557400,236.27176968229963,242.60637928,236.27176968229963,240.80995665250003,4644652
1716903000,238.54086316739983,248.96829587,238.54086316739983,246.5937427575,7702965
1716989400,242.5673029624499,245.12732595,242.23915476,243.856927625,7581261
1717075800,243.21211529372493,244.28370206,239.27158369,241.914111445,7093060
1717162200,242.56311336936247,242.56311336936247,232.50274263,238.72819065250002,12722755
1717421400,240.64565201093126,243.59887797,237.22703639,241.4352308275,6312764
1717507800,241.04044141921563,241.87193025,238.29893497,240.60649442,5796989
1717594200,240.82346791960782,252.62069104,240.82346791960782,248.91370844,10950352
1717680600,244.8685881798039,253.99649272,244.8685881798039,251.62104636,9828172
1717767000,248.24481726990194,252.15421666,248.24481726990194,250.35779403,5470342
1718026200,249.30130564995096,254.79426317,248.17211342,251.53087785499997,6430878
1718112600,250.41609175247547,253.97048925,249.96079456,252.645503505,6117786
1718199000,251.53079762873773,262.56552789,251.53079762873773,260.02721249749993,8051492
1718285400,255.77900506311883,266.12849893,255.77900506311883,264.52568798749996,7647184
1718371800,260.1523465253094,266.57423009,260.1523465253094,264.624714545,6257022
1718631000,262.3885305351547,271.16056653,262.3885305351547,268.79807227749995,7501958
1718717400,265.5933014063273,276.18260989,265.5933014063273,273.326694915,8241579
1718890200,269.45999816066364,277.47285819,265.07654957,271.64440964,14053815
1718976600,270.55220390033185,270.55220390033185,260.04954372,263.36076746749995,11809908
1719235800,266.9564856839159,266.9564856839159,253.81168946,257.080732015,10154101
1719322200,262.01860884945796,262.01860884945796,253.89108936,257.555890765,6743540
1719408600,259.787249807229,261.09662983,255.81653681,258.878395265,5950295
1719495000,259.33282253611446,260.46143067,255.70736196,257.8834153325,5738731
1719581400,258.60811893430724,264.40165047,257.0373102,259.67611608749996,7743251
1719840600,259.14211751090363,259.38853959,253.74419955,257.80674480749997,6185982
1719927000,258.4744311592018,261.68220406,256.76933555,259.28780097500004,4117110
1720013400,258.88111606710095,268.37164522,258.88111606710095,264.84579363,4633045
1720186200,261.8634548485505,270.00926805,261.8634548485505,268.2326954,6415237
1720445400,265.0480751242752,273.63655301,265.0480751242752,271.7721194125,5832663
1720531800,268.41009726838763,275.52756076,268.41009726838763,273.1530076475,5915764
1720618200,270.7815524579438,279.61665535,270.7815524579438,277.259470965,6180973
1720704600,274.0205117114719,280.94660359,267.97454649,274.69631828999997,12287006
1720791000,274.35841500073593,276.84758401,269.02669435,272.00667166000005,8392846
1721050200,273.182543330368,275.38751919,269.97949309,272.8698725825,7814828
1721136600,273.026207956434,273.56241335,268.51128978,271.7438331925,5638589
1721223000,272.38502057446703,272.38502057446703,251.94579193,257.02242272,15181903
1721309400,264.7037216472335,264.7037216472335,248.13459697,254.248388885,12807627
1721395800,259.47605526611676,259.47605526611676,245.93124988,249.613420015,8589500
1721655000,254.54473764055837,255.96541162,249.72259487,253.14423409749998,10757923
1721741400,253.84448586902917,255.43938731,252.4271538,253.4705180425,5869857
1721827800,253.6575019557646,253.6575019557646,238.53713466,243.963621235,11295018
1721914200,248.8105615953823,248.8105615953823,229.08854715,235.72340088,18765116
1722000600,242.26698123769114,242.26698123769114,236.39333749,238.95150286,7325633
1722259800,240.60924204884557,243.39045324,235.98641303,239.2021087775,6745307
1722346200,239.9056754131728,239.9056754131728,226.61722542,232.9220733325,12932120
1722432600,236.4138743728364,245.83200001,236.4138743728364,242.58901054749998,18412093
1722519000,239.5014424601682,244.94867618,226.19084798,235.65650646499998,17111645
1722605400,237.57897446258409,237.57897446258409,212.57336898,217.0768317775,20261333
1722864600,227.32790312004204,227.32790312004204,198.98606194,206.75732666750002,18420837
1722951000,217.04261489377103,221.12870767,211.044921,215.72951480749998,15388764
1723037400,216.3860648506355,224.40395334,209.42714814,216.6798323025,13066499
1723123800,216.53294857656775,223.58017943,211.10447092,218.468811185,11407866
1723210200,217.50087988078388,224.79102783,217.50087988078388,222.67452437749998,7241675
1723469400,220.08770212914192,227.82807381,220.08770212914192,224.7389216475,6751158
1723555800,222.41331188832095,234.52743996,222.41331188832095,231.228622445,7647449
1723642200,226.82096716666047,237.38583618,226.82096716666047,234.8351145525,7187132
1723728600,230.82804085958023,245.48462547,230.82804085958023,241.6833554975,8376779
1723815000,236.25569817854011,245.54417539,236.25569817854011,243.48970311,5194621
1724074200,239.87270064427005,249.51417015,239.87270064427005,246.09501216750002,5564348
1724160600,242.98385640588504,249.64319498,242.98385640588504,247.03540467500002,6578580
1724247000,245.00963054044252,249.98064453,245.00963054044252,247.86786294750002,4813708
1724333400,246.43874674397125,251.41976763,239.72813308,245.59380033,8007438
1724419800,246.01627353698564,248.45219655,242.86442894,245.462294255,6933374
1724679000,245.7392838959928,246.68554889,239.32120862,243.09766613,6925237
1724765400,244.4184750129964,244.4184750129964,236.78041198,240.68093182249999,5534390
1724851800,242.5497034177482,243.83707765,236.03603796,240.4055134375,8114008
1724938200,241.4776084276241,242.67585419,235.00383933,238.117803965,9256468
1725024600,239.79770619631205,242.76517907,237.58433592,240.65363810999997,8623765
1725370200,240.225672153156,240.225672153156,222.13113135,229.9470585175,14466252
1725456600,235.08636533532803,235.08636533532803,219.79875943,222.44873092499998,8646295
1725543000,228.76754813016402,228.76754813016402,220.06673408,222.27504365749996,6535443
1725629400,225.521295893832,225.521295893832,211.96794478,217.2554815425,12019320
1725888600,221.388388718166,221.388388718166,214.17129187,216.9651756775,7933427
1725975000,219.176782197833,220.47365854,214.83626599,218.63753596499998,7651577
1726061400,218.9071590814165,231.94694337,217.75421213,225.86540765750001,11148303
1726147800,222.38628336945825,234.18502791,222.38628336945825,231.43506217,8212412
1726234200,226.91067276972913,235.76806332,226.91067276972913,234.15029045750003,6405793
1726493400,230.5304816136146,233.23719166,229.13598859,231.5146605675,5505227
1726579800,231.02257109055728,235.35121387,230.10089581,233.0635043925,4722843
1726666200,232.04303774152862,236.05588794,229.05877219,231.8923559425,7299791
1726752600,231.9676968420143,242.0232863,231.9676968420143,238.9992668575,11254192
1726839000,235.48348184975714,237.85231056,233.19749172,236.04348170499998,8183279
1727098200,235.76348177737856,238.02093609,235.34128888,236.88459953,3781433
1727184600,236.32404065368928,242.54682936,236.32404065368928,239.9722381375,5435856
1727271000,238.14813939559463,245.22607956,238.14813939559463,242.8270861725,4978310
1727357400,240.48761278404731,254.06973912,240.48761278404731,250.9731432175,10082089
1727443800,245.73037800077367,251.31059277,244.27377707,248.18918439750001,7128566
1727703000,246.95978119913684,246.95978119913684,240.05565765,242.78502904249999,6256911
1727789400,244.87240512081843,244.87240512081843,235.22218904,240.20701369999998,7751838
1727875800,242.53970941040922,242.61630427,235.80776327,239.0755651975,5842606
1727962200,240.8076373039546,245.29605072,239.52963335,241.8198240675,5926885
1728048600,241.3137306857273,247.34059802,241.3137306857273,245.78485632499996,5776498
1728307800,243.54929350536364,248.7201712,243.54929350536364,246.05531222000002,4958756
1728394200,244.8023028626818,251.27089282,244.8023028626818,248.8020523375,4435348
1728480600,246.8021776000909,253.49408988,246.8021776000909,251.53886746999999,4063391
1728567000,249.17052253504545,253.95063928,249.11220818,251.6046205075,4044564
1728653400,250.38757152127272,255.36494991,250.38757152127272,253.3836744075,4202875
1728912600,251.88562296438636,260.2927059,251.88562296438636,258.168758705,4608583
1728999000,255.0271908346932,260.1388686,243.73643828,252.055860035,14128878
1729085400,253.5415254348466,253.5415254348466,243.65842789,246.2587744525,5692277
1729171800,249.90014994367328,254.24838889,249.61342001,251.703870375,6744992
1729258200,250.80201015933665,251.61826736,248.97822085,250.45456265,3720736
1729517400,250.62828640466833,251.15179298,247.61849765,249.70770739,3923395
1729603800,250.16799689733415,250.59599372,247.79714742,249.4099577875,3629141
1729690200,249.78897734241707,249.78897734241707,243.99587744,247.372854225,4971630
1729776600,248.58091578370852,249.31567041,246.33817434,248.2065531225,2595528
1729863000,248.39373445310426,254.62553839,248.39373445310426,251.67285479499998,6835930
1730122200,250.03329462405213,251.15179298,249.11717067,250.1171131,3557268
1730208600,250.07520386202606,256.39218605,248.97822085,252.5933973225,5392840
1730295000,251.33430059226305,251.33430059226305,247.5787977,249.33303913499998,5348394
1730381400,250.3336698636315,250.3336698636315,238.47758474,242.789991535,9464712
1730467800,246.56183069931575,246.56183069931575,241.52455571,243.0579661825,5520983
1730730600,244.8098984409079,245.65335025,241.58410563,243.28624087999998,5199206
1730817000,244.04806966045393,247.17187324,243.24157844,245.067776025,4344210
1730903400,244.55792284272695,253.77198952,244.55792284272695,251.35029272,7284403
1730989800,247.95410778136346,259.19103235,247.95410778136346,257.72709678499996,5370187
1731076200,252.8406022831817,259.9155564,252.8406022831817,258.02484639749997,3915598
1731335400,255.43272434034083,256.11428642,249.10724568,253.20874651000003,7667252
1731421800,254.32073542517043,254.32073542517043,246.99322348,249.95831331,6574034
1731508200,252.1395243675852,252.1395243675852,245.36552563,247.30089807,5537892
1731594600,249.7202112187926,249.7202112187926,245.52432542,247.1520232675,4607584
1731681000,248.4361172431463,248.4361172431463,237.00878593,240.05816370999997,9499673
1731940200,244.24714047657312,244.24714047657312,235.60926353,238.23070068750002,7707042
1732026600,241.23892058203657,242.4376545,238.79518432,240.718150525,4505181
1732113000,240.97853555351827,241.92155518,236.85981188,240.25167613999997,7585585
1732199400,240.61510584675912,246.32815011,237.80268563,243.01576017500003,8825388
1732285800,241.8154330108796,244.78987639,241.48485576,243.296165865,4746337
1732545000,242.5557994379398,244.50205177,240.45910837,242.8238605525,4562667
1732631400,242.6898299952199,244.27377707,238.09051025,241.4873370075,4996487
1732717800,242.08858350135995,242.08858350135995,232.41341775,236.18491276749998,6911612
1732890600,239.13674813442998,242.65600421,237.79276064,239.740539315,5607353
1733149800,239.438643724715,247.2810481,239.438643724715,244.08520232499998,8070277
1733236200,241.76192302485748,246.81457371,241.76192302485748,245.633500275,3227262
1733322600,243.69771164992875,251.16668046,243.69771164992875,249.92233523250002,5457365
1733409000,246.81002344121438,250.26846915,245.72282516,248.107303255,3872077
1733495400,247.4586633481072,247.55061074,245.35560064,246.4179712375,3885289
1733754600,246.93831729280362,247.09247335,243.09270364,244.6955890175,4532551
1733841000,245.8169531551518,245.8169531551518,236.58191224,241.13499997250003,6402370
1733927400,243.4759765638259,245.18687587,239.91670783,242.70686977,5588413
1734013800,243.09142316691293,243.09142316691293,240.11520757,241.66102427749996,3979280
1734100200,242.37622372220645,249.74244484,242.37622372220645,247.3033793175,8628587
1734359400,244.8398015198532,252.44700377,244.8398015198532,249.867747805,4892952
1734445800,247.3537746624266,249.28589545,246.16944957,248.0353471025,4027848
1734532200,247.6945608824633,252.56114112,238.64898926,245.41333925499998,8125847
1734618600,246.55395006873164,246.55395006873164,236.56206227,239.06067771750003,6895880
1734705000,242.80731389311583,243.42012895,234.76563964,238.673578415,6909310
1734964200,240.7404461540579,248.81101445,240.7404461540579,245.701935975,6650078
1735050600,243.22119106452897,250.59047901,243.22119106452897,249.86274280499998,2097390
1735223400,246.54196693476447,251.60731589,246.54196693476447,249.877696285,2171444
1735309800,248.20983160988226,249.29451042,244.39973678,247.45772418,3812328
1735569000,247.83377789494114,247.83377789494114,241.97727242,244.08072912249997,3532095
1735655400,245.95725350872056,245.95725350872056,240.65139687,243.026508525,3071840
1735828200,244.49188101686028,246.98170495,241.49876095,244.06826788749999,4464000
1735914600,244.28007445218014,251.54750196,244.28007445218014,248.698863325,4997025
1736173800,246.48946888859007,262.47351401,246.48946888859007,259.36568166,10533193
1736260200,252.92757527429504,262.7626147,252.26526918,257.7207984625,7661073
1736346600,255.32418686839753,255.32418686839753,248.73704455,251.624961005,5189522
1736519400,253.47457393669876,253.47457393669876,244.16048104,247.00662742500003,6901514
1736778600,250.2406006808494,250.2406006808494,239.87381572,242.06076270750003,6007459
1736865000,246.15068169417472,247.61254258,241.63832679,245.2228762025,3791539
1736951400,245.68677894833735,251.28830824,245.68677894833735,249.2808030625,5316796
1737037800,247.48379100541868,256.40239965,247.48379100541868,253.89769114,5696146
1737124200,250.69074107270933,257.87781004,250.69074107270933,256.83106618500005,5387323
1737469800,253.7609036288547,263.50031989,253.7609036288547,260.67924551,4922970
1737556200,257.2200745694273,268.82376007,257.2200745694273,266.1645322275,6616460
1737642600,261.69230339846365,266.03244312,261.08782453,263.83677327249995,4704876
1737729000,262.7645383354818,266.6006755,259.81179392,263.42555247,5119857
1737988200,263.0950454027409,263.0950454027409,231.51980286,238.16164184750002,21944880
1738074600,250.62834362512046,250.62834362512046,231.53974084,237.1699766575,11707323
1738161000,243.89916014131023,243.89916014131023,235.90117357,239.5121158775,8366035
1738247400,241.7056380094051,245.08749733,239.92366067,243.0214991075,7676288
1738333800,242.36356855845256,250.67521541,242.16668322,245.2782539375,8021088
1738593000,243.82091124797628,243.82091124797628,234.39087172,237.13982046249998,7479648
1738679400,240.48036585523812,241.86761354,237.84014195,239.62459099749998,4579021
1738765800,240.05247842636905,246.73248023,239.65449796,243.53243472499997,4811115
1738852200,241.79245657568453,247.65959621,241.79245657568453,246.6253135925,4877200
1738938600,244.20888508409226,249.87271179,242.72494661,246.40599583250003,7258908
1739197800,245.30744045829613,249.51382818,245.30744045829613,247.70694890750002,4231308
1739284200,246.50719468289807,250.26150237,246.50719468289807,248.232813085,3134879
1739370600,247.37000388394904,247.96863487,243.78165945,246.10692615749997,4212803
1739457000,246.7384650207245,251.30824622,246.7384650207245,249.174882555,4486146
1739543400,247.95667378786226,252.43474199,247.95667378786226,251.3256919525,4279519
1739889000,249.64118287018113,256.40239965,249.64118287018113,254.5768285225,6361446
1739975400,252.10900569634055,257.57864068,252.10900569634055,255.5998711075,3025373
1740061800,253.85443840192028,258.824864,253.85443840192028,256.80614371,4401707
1740148200,255.33029105596015,257.89774802,248.41723938,253.2696448275,7578486
1740407400,254.29996794173007,254.29996794173007,242.52556682,246.747433705,7518002
1740493800,250.52370082336503,250.52370082336503,236.6039873,239.774125835,7658557
1740580200,245.1489133291825,245.35675973,240.15294742,242.3560940125,6675886
1740666600,243.75250367084124,245.61595345,227.99078072,236.74903609249998,10520634
1740753000,240.2507698816706,240.2507698816706,224.93030106,229.4238229,8654651
1741012200,234.83729639083532,234.83729639083532,220.26481416,227.96461212,10001218
1741098600,231.40095425541767,231.40095425541767,217.37380733,223.4409340925,12563101
1741185000,227.42094417395884,229.49609807,222.77699942,227.01880428,6799419
1741271400,227.2198742269794,227.2198742269794,218.39064421,221.059841045,9155207
1741357800,224.1398576359897,225.04992893,216.39684639,221.43866263,9426838
1741613400,222.78926013299485,222.78926013299485,210.85408845,216.0529162675,9616473
1741699800,219.42108820024742,219.42108820024742,209.8073446,214.0616106975,7381274
1741786200,216.7413494488737,222.25861198,216.7413494488737,219.80873291,8710844
1741872600,218.27504117943687,223.18572797,217.13455159,219.82119415,5126791
1741959000,219.04811766471843,226.26016421,219.04811766471843,224.343127605,5100693
1742218200,221.6956226348592,230.32352417,221.6956226348592,227.35525766250004,5192188
1742304600,224.52544014867962,227.06366473,223.18572797,225.22438624,5196659
1742391000,224.8749131943398,230.29860169,223.08105359,226.2013471725,4932530
1742477400,225.5381301834199,228.29981938,224.19458967,225.8205317925,3654700
1742563800,225.67933098795993,225.67933098795993,220.72338766,222.9464722325,6319285
1742823000,224.31290161022997,231.69725086,224.31290161022997,229.62270423,6503200
1742909400,226.967802920115,229.94470258,226.967802920115,229.189551655,3451806
1742995800,228.0786772875575,228.08548611,219.36760515,224.1165823275,9685704
1743082200,226.09762980752873,226.09762980752873,215.89341244,217.8386114425,9072487
1743168600,221.96812062501436,221.96812062501436,210.39551496,213.84976968,8722097
1743427800,217.9089451525072,217.9089451525072,203.87579608,208.1026474625,9477213
1743514200,213.0057963075036,213.0057963075036,206.61726809,210.158751465,6151300
1743600600,211.5822738862518,215.9382729,207.82351577,211.374968135,7096159
1743687000,211.4786210106259,211.4786210106259,194.73423308,198.9037627725,14298993
1743773400,205.19119189156294,205.19119189156294,177.67828963,183.933082615,22160097
1744032600,194.56213725328146,194.56213725328146,169.58247358,180.271722145,25600318
1744119000,187.41692969914072,195.11305467,175.50405311,185.60014681750002,19097648
1744205400,186.50853825832036,212.15005704,179.71096651,195.8083916575,22178514
1744291800,191.15846495791018,201.87202928,188.45376995,196.67070921500002,18282536
1744378200,193.9145870864551,201.31376589,193.09931887,197.54798025499997,10156256
1744637400,195.73128367072752,206.13875661,195.73128367072752,202.81285262250003,9843315
1744723800,199.27206814661378,204.5038424,199.27206814661378,202.5374593,5097847
1744810200,200.90476372330687,200.90476372330687,187.9453515,192.6008694125,13067200
1744896600,196.75281656790344,196.75281656790344,190.40769181,193.2363924675,7067351
1745242200,194.9946045177017,194.9946045177017,183.828159,187.047245275,9572732
1745328600,191.02092489635083,192.7005593,188.37401803,190.53479642000002,7242693
1745415000,190.77786065817543,202.45023064,190.77786065817543,199.78975667749998,11495848
1745501400,195.28380866783772,208.63100388,195.28380866783772,205.275068315,9696207
1745587800,200.27943849141886,212.62856851,200.27943849141886,209.084592885,7487437
1745847000,204.68201568820945,211.54892699,204.68201568820945,209.38540713249998,5804925
1745933400,207.03371141035473,211.59179365,207.03371141035473,209.44596874249999,4506180
1746019800,208.23984007642736,211.0833752,203.25771876,207.3375275475,5974393
1746106200,207.78868381196366,215.8544337,207.78868381196366,213.302945705,6878154
1746192600,210.54581475848184,220.2349072,210.54581475848184,218.11525089,6522174
1746451800,214.33053282424092,218.91900064,214.33053282424092,217.10962911750002,4536036
1746538200,215.72008097087047,216.76569899,212.17517889,214.21244150249998,5019386
1746624600,214.96626123668523,220.2349072,213.52577753,217.037353945,9074353
1746711000,216.00180759084262,224.14275092,216.00180759084262,221.74396292,5919181
1746797400,218.8728852554213,224.6636306,218.8728852554213,223.1252909725,3495475
1747056600,220.99908811396065,237.92986285,220.99908811396065,235.978433235,9246912
1747143000,228.48876067448032,245.92499211,228.48876067448032,241.72306320500002,8665579
1747229400,235.10591193974017,248.66646411,235.10591193974017,246.90195304,7439569
1747315800,241.00393248987007,248.22782859,241.00393248987007,245.7243662025,6446329
1747402200,243.36414934618503,246.84213911,243.36296191,245.65832165,3800074
1747661400,244.5112354980925,245.73558132,240.54173799,243.04395425750002,4196067
1747747800,243.77759487779628,244.84834129,242.12680726,243.7168610225,3115165
1747834200,243.74722795014816,247.80913105,239.27567638,242.59534975,6392549
1747920600,243.17128885007406,243.17128885007406,239.57474605,240.69376508,5185483
1748007000,241.93252696503703,241.93252696503703,233.8575308,235.79550228250002,6577211
1748352600,238.86401462376853,244.9280932,238.86401462376853,242.6973823525,8858899
1748439000,240.78069848813425,245.44648063,240.78069848813425,243.1847662275,10739453
1748525400,241.98273235781713,248.43717736,241.94746515,245.48388926249999,9135620
1748611800,243.73331081015857,243.73331081015857,234.64009645,239.64951347,11064652
1748871000,241.69141214007928,243.27324101,238.21896353,240.617751535,4719859
1748957400,241.15458183753964,248.3973014,241.15458183753964,245.1847946675,7518683
1749043800,243.16968825251982,251.82663366,243.16968825251982,250.044676855,7258713
1749130200,246.6071825537599,255.26593489,246.6071825537599,251.9313080375,8057739
1749216600,249.26924529562996,254.79739241,249.26924529562996,252.837239925,5589747
1749475800,251.05324261031498,259.06411974,251.05324261031498,255.91142693749998,10841427
1749562200,253.4823347739075,261.86540568,253.4823347739075,259.335774695,9762982
1749648600,256.4090547344538,264.08849025,256.4090547344538,261.705901855,12285963
1749735000,259.0574782947269,263.18131224,259.0574782947269,261.0055803675,6781903
1749821400,260.03152933111346,260.03152933111346,255.25596591,256.99804675250004,11950239
1750080600,258.51478804180675,264.2280561,258.51478804180675,261.23112875,7497747
1750167000,259.87295839590337,264.70656757,259.87295839590337,261.915250625,7284711
1750253400,260.8941045104517,264.08988591,260.18064652,262.002828195,7367364
1750426200,261.44846635272586,264.20313362,256.42233763,261.0292567175,11439904
1750685400,261.23886153511296,261.8454677,256.32264774,259.5800149275,10420123
1750771800,260.40943823130647,270.77768193,260.40943823130647,267.8742138575,9035532
1750858200,264.1418260444033,274.41636296,264.1418260444033,273.1851928025,8480014
1750944600,268.6635094234516,277.08805203,268.6635094234516,275.93663379,6789034
1751031000,272.3000716067258,279.63014426,272.3000716067258,277.3234198675,8170862
1751290200,274.8117457371129,279.09181884,274.8117457371129,278.04382886499997,6375790
1751376600,276.42778730105647,277.19272642,271.31600735,274.85873684750004,8931315
1751463000,275.64326207427825,281.04574071,273.80825462,277.29989305500004,8713833
1751549400,276.4715775646391,284.30560014,276.4715775646391,282.6058875,4442978
1751895000,279.53873253231956,281.76350792,277.68619138,279.80709381,8616432
1751981400,279.6729131711598,283.84702664,279.6729131711598,281.75353893500005,8186459
1752067800,280.7132260530799,286.94738225,280.7132260530799,284.5049799225,6810712
1752154200,282.6091029877899,287.29629687,282.6091029877899,286.1486170025,5636246
1752240600,284.3788599951449,288.04397106,284.3788599951449,286.22213830000004,5676952
1752499800,285.3004991475725,285.63147569,280.8662989,284.08628238,7455764
1752586200,284.6933907637863,292.29076041,284.6933907637863,290.53372608250004,9892534
1752672600,287.61355842314316,288.67201737,282.25198839,286.728064495,10065893
1752759000,287.1708114590716,291.65274511,287.0869481,289.67265464999997,6998322
1752845400,288.4217330545358,292.41537278,288.4217330545358,290.564879175,5522542
1753104600,289.4933061147679,292.61973705,289.4933061147679,290.374222255,5910943
1753191000,289.93376418488396,289.93376418488396,281.24512049,285.87696205,11537512
1753277400,287.905363117442,287.905363117442,282.11242254,284.5074721725,8194570
1753363800,286.206417644971,287.37604879,284.03643744,286.15360150000004,5902611
1753450200,286.1800095724855,287.14676204,284.17600328,285.8159019925,4014949
1753709400,285.9979557824928,290.66581519,285.9979557824928,289.61159459,5671906
1753795800,287.8047751862464,295.80901605,287.8047751862464,292.756611275,6968672
1753882200,290.2806932306232,296.45779786,290.2806932306232,294.58113566000003,7930267
1753968600,292.4309144453116,294.00542654,285.16293321,290.20973394,9928055
1754055000,291.3203241926558,291.3203241926558,278.32420668,282.368276645,14032196
1754314200,286.84430041882786,289.40972256,284.32553812,287.10688607749995,5323179
1754400600,286.97559324816393,290.42655945,283.32863921,287.4508162025,6918330
1754487000,287.21320472533193,287.21320472533193,281.89310478,284.47756520499996,6124256
1754573400,285.845384965166,293.79607777,285.845384965166,290.9150399175,8069437
1754659800,288.380212441333,293.00852763,288.380212441333,291.6004079175,5121579
1754919000,289.9903101794165,296.16869717,289.9903101794165,293.51943831499995,5799738
1755005400,291.75487424720825,299.30892874,291.75487424720825,296.2733715575,7598549
1755091800,294.01412290235413,302.04043175,294.01412290235413,300.233552475,8959735
1755178200,297.1238376886771,301.86098995,296.35810796,299.06967299999997,5826969
1755264600,298.09675534433853,298.4316577,293.02846561,296.1562359375,9026333
1755523800,297.1264956409193,297.1264956409193,293.86586069,295.01852505249997,5577455
1755610200,296.07251034670963,296.19860414,289.72873021,292.95868268,8191866
1755696600,294.5155965133548,294.5155965133548,280.27812855,286.635851345,10091017
1755783000,290.5757239291774,290.5757239291774,284.99346039,286.855169105,6067701
1755869400,288.7154465170887,295.44096097,285.65141367,290.1399510125,5810384
1756128600,289.42769876479434,294.87272859,289.42769876479434,292.98235903,4964984
1756215000,291.20502889739714,296.31823201,291.20502889739714,294.9524805025,4967051
1756301400,293.0787546999486,297.17556507,293.0787546999486,295.5780345675,5646172
1756387800,294.3283946337243,299.84725415,294.3283946337243,297.509526205,7193988
1756474200,295.9189604193622,295.9189604193622,288.20347488,291.720035785,13420941
1756819800,293.8194981021811,293.8194981021811,280.8662989,283.61275539999997,11543672
1756906200,288.71612675109054,288.71612675109054,282.89997268,285.4869253525,7249632
1756992600,287.1015260517953,289.31003267,283.41836011,286.51123898,8079271
1757079000,286.80638251589767,294.23471329,286.80638251589767,292.27829917500003,9809634
1757338200,289.54234084544885,296.89643338,289.54234084544885,295.15061416,7223203
1757424600,292.3464775027244,297.06590619,292.3464775027244,296.11137548500005,6796992
1757511000,294.2289264938622,301.44229241,294.2289264938622,299.71142667749996,10221377
1757597400,296.9701765856811,304.61243094,296.9701765856811,303.107113585,7312385
1757683800,300.03864508534053,304.64233791,300.03864508534053,303.57316382500005,5231908
1757943000,301.8059044551703,306.27725212,301.8059044551703,304.35946784,5390242
1758029400,303.08268614758515,307.71278655,303.08268614758515,306.515261735,4227633
1758115800,304.7989739412926,306.19690207,300.43542451,304.12130869500004,9647743
1758202200,304.4601413181463,317.6319307,304.4601413181463,314.456807675,16335567
1758288600,309.45847449657316,315.528474,309.45847449657316,314.53406734,8381595
1758547800,311.99627091828654,322.13791378,311.99627091828654,318.40452736,11618134
1758634200,315.20039913914326,324.35102936,315.20039913914326,321.5597124125,9158952
1758720600,318.38005577582163,320.96157306,316.48549696,319.4899010475,8632214
1758807000,318.93497841166084,321.03135599,312.62749818,317.25809361250003,9592888
1758893400,318.09653601208043,321.42014656,317.15341923,320.009534605,6886102
1759152600,319.0530353085402,325.81647076,319.0530353085402,323.14852005,5833585
1759239000,321.1007776792701,325.70681188,321.1007776792701,323.558494725,7459901
1759325400,322.329636202135,333.07389482,322.329636202135,328.0270940875,9911833
1759411800,325.1783651448175,338.9456294,325.1783651448175,337.56492441,8092564
1759498200,331.37164477740873,339.72321055,331.37164477740873,336.964292815,7769988
1759757400,334.1679687962044,347.4491771,334.1679687962044,344.11704249749994,10263178
1759843800,339.14250564685216,345.59494513,335.51629715,340.58303586,9365713
1759930200,339.86277075342605,345.38559636,335.3767313,340.36122585,7841482
1760016600,340.111998301713,346.02361166,340.111998301713,344.11704249499996,5565527
1760103000,342.1145203983565,345.41420736,323.82267294,334.6162718925,18804465
1760362200,338.36539614542824,340.03224921,333.96113485,337.28080822,11760190
1760448600,337.82310218271414,338.00854442,329.22586503,332.9318367225,7296663
1760535000,335.3774694526071,342.01607804,334.46955329,339.56121447500004,8283819
1760621400,337.4693419638036,346.00865818,337.4693419638036,343.02294594,9047529
1760707800,340.2461439519018,343.86034103,337.09139743,340.7201094625,8396255
1760967000,340.4831267072009,348.96446345,340.4831267072009,346.15570076750004,6436924
1761053400,343.3194137373505,346.02361166,342.09582996,344.583092735,4391848
1761139800,343.95125323617526,343.95125323617526,331.36919768,338.6266217475,8014246
1761226200,341.2889374918376,344.83231746,335.68078547,340.06215618,6422550
1761312600,340.6755468359188,351.8455013,340.6755468359188,350.0311452825,5649324
1761571800,345.3533460592094,359.48174695,345.3533460592094,357.4929336225,6663417
1761658200,351.4231398408547,363.53912551,351.4231398408547,360.3415722575,5086004
1761744600,355.88235604917736,371.62557071,355.88235604917736,367.92712559999995,8102599
1761831000,361.90474082458866,368.71303085,361.90474082458866,365.0070591525,6932721
1761917400,363.45589998854433,367.28746541,359.38205705,363.57650921749996,4917864
1762180200,363.5162046030222,368.32424028,363.5162046030222,365.849438735,4470471
1762266600,364.6828216690111,364.6828216690111,350.70405204,354.9776330575,8268996
1762353000,359.8302273632555,363.15033493,351.62618354,356.2904243125,8605366
1762439400,358.06032583787777,359.03314244,347.62861891,353.7844696775,9600467
1762525800,355.9223977576889,355.9223977576889,335.63592502,343.81049608,14723174
1762785000,349.8664469188444,358.8836076,349.8664469188444,356.463635495,9180650
1762871400,353.1650412069222,354.9389783,348.65542478,351.926025805,7661156
1762957800,352.5455335059611,356.37132266,351.8455013,354.4349212925,5870743
1763044200,353.49022739923055,353.49022739923055,340.19175304,346.565675445,10654836
1763130600,350.0279514221153,350.0279514221153,332.71501121,339.663396615,12271174
1763389800,344.84567401855765,347.26325546,336.00477762,340.84808636,6921299
1763476200,342.84688018927886,342.84688018927886,328.09936926,332.9517747025,12933067
1763562600,337.8993274458894,341.99614006,332.42591053,336.645285165,9842253
1763649000,337.2723063054447,348.69520105,322.68620818,335.8128496525,14686653
1763735400,336.54257797897236,336.54257797897236,314.0730016,323.44385135,17298698
1763994600,329.9932146644862,339.51386178,327.81026858,333.34305752750004,10650899
1764081000,331.6681360959931,339.66339662,326.33485819,334.661456335,12052681
1764167400,333.16479621549655,349.21368817,333.16479621549655,345.34821264999994,5533284
1764340200,339.2565044327482,351.4766487,339.2565044327482,349.34577727749996,3352740
1764599400,344.3011408551241,353.90908204,344.3011408551241,350.129589045,3901980
1764685800,347.21536495006205,359.67115774,347.21536495006205,356.44618976500004,6657912
1764772200,351.830777357531,363.44442011,351.830777357531,360.0985781475,4642684
1764858600,355.9646777525155,363.24005584,355.9646777525155,361.0842619475,3971848
1764945000,358.5244698500078,367.43500645,358.5244698500078,364.11682842749997,3619211
1765204200,361.3206491387539,369.57036392,361.3206491387539,367.13543832749997,4334313
1765290600,364.2280437331269,368.41116986,364.21701677,366.5951689625,3173307
1765377000,365.41160634781346,374.42526161,365.41160634781346,370.230809445,5653318
1765463400,367.8212078964067,370.06881337,360.55839777,367.24883558,7499886
1765549800,367.53502173820334,367.53502173820334,351.78568736,359.26990592749996,12705929
1765809000,363.40246383285165,363.40246383285165,351.09782711,354.50223689,5605782
1765895400,358.95235036142583,358.95235036142583,347.22985934,350.46230405750003,5849243
1765981800,354.70732720946296,354.70732720946296,337.01363931,344.69823456,10780364
1766068200,349.7027808847315,350.99813722,344.75755005,347.9202118375,8260179
1766154600,348.81149636111576,357.4181662,348.81149636111576,352.74769480749995,8838677
1766413800,350.77959558430786,362.48,350.77959558430786,360.59000000000003,4799521
1766500200,355.684797792154,363.3,355.684797792154,360.78000000000003,3542056
1766586600,358.23239889607703,364.54,358.23239889607703,363.39,1640529
1766759400,360.8111994480385,367.35,360.8111994480385,365.94124999999997,2921277
1767018600,363.37622472401927,365.82,360.82,363.37624999999997,4874419
1767105000,363.37623736200965,366.24,363.07,364.445,2926998
1767191400,363.91061868100485,365.5684,360.07,362.64959999999996,2687316
1767364200,363.2801093405024,376.335,363.2801093405024,371.85499999999996,8972358
1767623400,367.5675546702512,383.99,367.5675546702512,380.05875,9071296
1767709800,373.81315233512555,389.365,373.81315233512555,385.38,10201168
1767796200,379.5965761675628,387.81,379.5965761675628,385.405,6058880
1767882600,382.50078808378134,384.74,375.86,381.03499999999997,5724015
1767969000,381.76789404189066,390.88,380.08,385.61375,6490839
1768228200,383.69082202094535,391.98,383.69082202094535,388.4925,5532026
1768314600,386.09166101047265,396.1,386.09166101047265,392.5708,5281595
1768401000,389.33123050523636,389.3406,383.81,387.61514999999997,6696503
1768487400,388.47319025261817,403.62,388.47319025261817,399.305,9948083
1768573800,393.8890951263091,405.31,393.8890951263091,401.74250000000006,5485939
1768919400,397.81579756315455,397.81579756315455,389.43,392.53375000000005,7158534
1769005800,395.1747737815773,405.88,393.37,398.9825,8754595
1769092200,397.07863689078863,408.73,397.07863689078863,405.32374999999996,5462581
1769178600,401.2011934453943,403.0887,397.53,400.302175,5869514
1769437800,400.7516842226971,400.7516842226971,396.22,398.545,4326866
1769524200,399.6483421113486,409.39,399.6483421113486,405.68625,6145564
1769610600,402.6672960556743,418.49,402.6672960556743,415.89805,7641913
1769697000,409.2826730278372,420.6,403.17,414.6825,9352480
1769783400,411.9825865139186,416.64,400.5754,407.98885,9029033
1770042600,409.98571825695933,412.04,398.43,404.32500000000005,5946327
1770129000,407.1553591284797,412.58,390.52,402.9525,12188626
1770215400,405.05392956423987,405.05392956423987,374.24,386.91015,16908468
1770301800,395.98203978211995,395.98203978211995,375.5609,380.962725,12007770
1770388200,388.47238239105997,403.08,387.19,395.28,13460264
1770647400,391.87619119552994,409.69,391.87619119552994,403.0625,5915243
1770733800,397.46934559776497,408.8,397.46934559776497,405.8925,5645261
1770820200,401.6809227988825,418.08,401.6809227988825,413.26375,6211177
1770906600,407.47233639944125,420.0392,405.28,412.4398,7379088
1770993000,409.9560681997206,412.07,402.49,407.6075,6481565
1771338600,408.7817840998603,410.87,397.77,404.71375,7312702
1771425000,406.7477670499302,417.04,406.7477670499302,412.43625,5839869
1771511400,409.5920085249651,411,405.56,408.8675,4056441
1771597800,409.2297542624825,416.83,407.18,411.67375,5715805
1771857000,410.4517521312413,417.6999,409.275,413.356225,5842756
1771943400,411.90398856562064,421.67,411.67,417.42875000000004,7828860
1772029800,414.66636928281036,427.94,414.66636928281036,425.53125000000006,7714452
1772116200,420.0988096414052,423.72,405.56,416.2525,14811315
1772202600,418.17565482070256,418.17565482070256,401.88,405.1875,9049053
1772461800,411.6815774103513,411.6815774103513,396.92,401.98,11490174
1772548200,406.8307887051757,406.8307887051757,385.93,390.7225,13768923
1772634600,398.7766443525878,401.23,393.1,397.41999999999996,8767199
1772721000,398.0983221762939,401.11,386.75,394.8175,11793743
1772807400,396.45791108814694,396.45791108814694,378.53,384.1825,12423222
1773063000,390.3202055440735,395.36,374.1601,384.91252499999996,16338100
1773149400,387.6163652720367,403.88,387.6163652720367,397.3025,13687716
1773235800,392.4594326360184,404.39,392.4594326360184,401.03,6024928
1773322200,396.7447163180092,396.7447163180092,386.74,391.59749999999997,9845227
1773408600,394.1711081590046,396.33,386.07,390.5125,7636079
1773667800,392.34180407950225,399.48,392.34180407950225,395.295,10317560
1773754200,393.81840203975116,397.61,393.22,396.21625000000006,6646252
1773840600,395.0173260198756,399.69,393.47,395.9475,8372417
1773927000,395.4824130099378,397.53,381.44,389.4725,12674826
1774013400,392.4774565049689,395.73,380.87,388.8625,12846845
1774272600,390.6699782524845,399.28,389.44,393.36,12742293
1774359000,392.01498912624226,396.88,387.62,391.78,6177166
1774445400,391.8974945631211,402.5,391.8974945631211,398.90375,7388665
1774531800,395.4006222815606,395.4006222815606,380.3,386.435,14806234
1774618200,390.91781114078026,390.91781114078026,373.01,376.58975,11811407
1774877400,383.7537805703901,383.7537805703901,359.862,369.81175,12198183
1774963800,376.78276528519507,383.5,368.1,375.93375000000003,13834949
1775050200,376.35825764259755,396.63,376.35825764259755,390.80875,10805350
1775136600,383.5835038212988,393.5,378.0009,385.47272499999997,8505833
1775482200,384.5281144106494,397.1,384.5281144106494,394.68125,4186120
1775568600,389.6046822053247,400.09,389.6046822053247,396.08500000000004,6672538
1775655000,392.8448411026624,424.99,392.8448411026624,421.51500000000004,10184264
1775741400,407.1799205513312,430.65,407.1799205513312,426.68999999999994,6018201
1775827800,416.93496027566556,441.54,416.93496027566556,436.83000000000004,11224186
1776087000,426.8824801378328,443.64,426.8824801378328,438.83125,6549794
1776173400,432.85686506891636,452.095,432.85686506891636,449.08375,6932448
1776259800,440.9703075344582,453.33,435.15,448.04499999999996,9155668
1776346200,444.50765376722904,457.09,444.50765376722904,452.5963,6450664
1776432600,448.55197688361454,464.58,448.55197688361454,462.76000000000005,7184643
1776691800,455.65598844180727,465.74,455.65598844180727,463.2475,3935098
1776778200,459.4517442209036,468.4262,459.4517442209036,465.4028,5598577
1776864600,462.4272721104518,477.42,462.4272721104518,473.1175,7835173
1776951000,467.77238605522587,488.08,467.77238605522587,481.378775,10619719
1777037400,474.57558052761294,509.59,474.57558052761294,502.74875000000003,12614318
1777296600,488.6621652638065,510.1,488.6621652638065,505.82374999999996,9040153
1777383000,497.2429576319032,497.2429576319032,483.29,489.83625,12664811
1777469400,493.53960381595164,499.58,492.34,496.96124999999995,6007909
1777555800,495.2504269079758,507.7899,495.02,503.558725,8401642
1777642200,499.4045759539879,511.99,499.4045759539879,507.06624999999997,5308292
1777901400,503.2354129769939,513.15,501.15,508.39,6867462
1777987800,505.81270648849693,526.2,505.81270648849693,519.5975,8624608
1778074200,512.7051032442484,549.88,512.7051032442484,542.44,15262913
1778160600,527.5725516221243,549.7032,527.5725516221243,542.87205,10905154
1778247000,535.222300811062,566.79,535.222300811062,558.4775,8553714
1778506200,546.849900405531,578.0598,546.849900405531,572.85745,12680940
1778592600,559.8536752027655,570.4,542.67,559.83125,17720787
1778679000,559.8424626013827,576.2,559.8424626013827,570.14375,9586693
1778765400,564.9931063006914,581.1699,564.9931063006914,574.524975,8458691
1778851800,569.7590406503457,569.7590406503457,552.9101,558.858775,13009610
1779111000,564.3089078251728,567.21,536.87,553.9287499999999,12317457
1779197400,559.1188289125864,559.1188289125864,527.87,540.02725,11905827
1779283800,549.5730394562931,564.72,549.5730394562931,558.4449999999999,8892210
1779370200,554.0090197281465,570.6,554.0090197281465,564.28,8293803
1779456600,559.1445098640733,582.5,559.1445098640733,576.4875000000001,7535020
1779802200,567.8160049320367,603.97,567.8160049320367,596.6975,10008514
1779888600,582.2567524660183,612.3,582.2567524660183,601.1675,11208990
1779975000,591.7121262330091,604.74,587.31,596.9225,7624970
1780061400,594.3173131165046,611.7886,594.3173131165046,603.46715,7603183
1780320600,598.8922315582522,613.4299,593.09,602.606225,8648978
1780407000,600.7492282791261,632.57,600.7492282791261,624.7112500000001,8083502
1780493400,612.7302391395631,642.77,612.7302391395631,636.345,10179872
1780579800,624.5376195697816,634.78,604.61,619.98,10462936
1780666200,622.2588097848908,622.2588097848908,569.69,587.8675000000001,22038001
1780925400,605.0631548924455,606.2,588.54,597.5275,13823901
1781011800,601.2953274462227,613.69,554.66,592.20875,20329715
1781098200,596.7520387231114,598.73,568.29,579.67125,12711368
1781184600,588.2116443615557,611.62,581.61,596.32125,12196801
1781271000,592.2664471807778,624.62,592.2664471807778,613.6850000000001,8986716
1781530200,602.975723590389,649.24,602.975723590389,644.7725,9613891
1781616600,623.8741117951945,648.31,616,630.9575,10949632
1781703000,627.4158058975972,643.5,623.13,631.0150000000001,10658832
1781789400,629.2154029487987,663.7999,629.2154029487987,655.0937250000001,11229715
1782135000,642.1545639743994,671.83,642.1545639743994,667.776275,8042965
1782221400,654.9654194871997,654.9654194871997,617.27,625.5325,19125963
1782307800,640.2489597435999,640.2489597435999,606.23,618.165,11901988
1782394200,629.2069798718,650.03,613.93,637.5525,14909351
1782480600,633.3797399359,633.3797399359,609,614.7775,12728345
1782739800,624.0786199679501,633.26,596.17,619.11,10473943
1782826200,621.5943099839751,659.74,621.5943099839751,646.57375,9406890
1782912600,634.0840299919876,639.89,618.62,628.33,13424666
1782999000,631.2070149959939,631.2070149959939,582.6,606.2925,21334058
1783344600,618.7497574979969,618.7497574979969,604.05,608.4024999999999,9820715
1783431000,613.5761287489984,613.5761287489984,566.83,578.5675000000001,14619227
1783517400,596.0718143744992,596.0718143744992,575.04,584.5925,9521328
1783603800,590.3321571872495,618.1656,590.3321571872495,611.5189,9045101
1783690200,600.9255285936248,615.05,595.84,605.6975,6608365
1783949400,603.3115142968124,603.3115142968124,583.09,591.51875,8736478
1784035800,597.4151321484062,608.895,590.38,602.12,7581088
1784122200,599.7675660742032,606.88,573.72,594.5625,11020779
1784208600,597.1650330371016,597.1650330371016,564.45,572.74,12353271
1784295000,584.9525165185507,584.9525165185507,536.81,552.1712499999999,22083883