time,open,high,low,close,Volume
1425994200,172.4797285854106,172.4797285854106,169.27422513,170.040349385,157121263
1426080600,171.2600389852053,171.2600389852053,168.83643984,169.268030055,110145718
1426167000,170.26403452010265,171.12861753,169.49724782,170.3098351375,93993523
1426253400,170.28693482880132,171.75539391,168.98512164,170.38748008,162410893
1426512600,170.33720745440064,172.38002265,170.04580105,171.364877035,136099192
1426599000,170.85104224470032,172.15699996,170.85104224470032,171.6138983975,94510422
1426685400,171.23247032110015,174.5111284,170.67018199,172.5823950975,228808524
1426771800,171.90743270930008,173.85007261,171.90743270930008,173.24727118250001,117917302
1426858200,172.57735194590003,175.08251929,172.57735194590003,174.3669684325,177715081
1427117400,173.4721601892,175.15719196,173.4721601892,174.5535878775,71784536
1427203800,174.01287403335,174.56810757,173.19081166,173.781970295,77805321
1427290200,173.897422164175,173.897422164175,170.67683178,172.1391715625,159521708
1427376600,173.0182968633375,173.0182968633375,169.35761462,170.23709273000003,153067241
1427463000,171.62769479666878,171.62769479666878,170.00477776,170.44451681,118938966
1427722200,171.0361058033344,173.08295114,171.0361058033344,172.3279274775,96180365
1427808600,171.6820166404172,172.65980601,171.2161344,171.77825366000002,126768703
1427895000,171.7301351502086,171.7301351502086,169.68119619,170.71416812,137303584
1427981400,171.2221516351043,171.73054612,170.41962592,171.00767319249996,86900906
1428327000,171.11491241380213,172.95019972,170.26198362,171.5106765925,114368155
1428413400,171.31279450315105,173.20740559,171.31279450315105,172.39741454749998,81236337
1428499800,171.85510452532552,172.9999815,171.81351575,172.3932660625,89351939
1428586200,172.12418529391277,173.55587804,171.90478235,172.79463166,85548854
1428672600,172.45940847695638,174.3109017,172.45940847695638,173.88153385249998,72722915
1428931800,173.17047116472818,174.75893772,173.17047116472818,173.9499837975,74436594
1429018200,173.5602274811141,173.9956171,172.65980601,173.43764632,75099866
1429104600,173.49893690055706,175.09911322,173.49893690055706,174.54114243749999,99529320
1429191000,174.0200396690285,175.04933144,174.0200396690285,174.4794959975,68934864
1429277400,174.24976783326426,174.24976783326426,171.75543701,172.81122559,191113230
1429536600,173.5304967116321,174.44365312,173.37334485,173.84627175749998,92189481
1429623000,173.68838423456606,174.94976788,173.60565982,174.3129759425,72559831
1429709400,174.00068008853304,174.94147091,173.32356307,174.31712442499997,78264616
1429795800,174.1589022567665,175.84583991,174.1589022567665,174.91243154,102585942
1429882200,174.53566689838325,175.8707308,174.53566689838325,175.5616481775,61327387
1430141400,175.0486575379416,176.29387593,174.68426505,175.50566441750001,79358126
1430227800,175.27716097772083,175.48077353,173.68041546,174.86059626499997,86863531
1430314200,175.0688786213604,175.3065373,173.9043505,174.615815105,125684903
1430400600,174.84234686318018,174.84234686318018,172.26155177,173.47083417,161304890
1430487000,174.1565905165901,174.87509521,173.63884768,174.27149113000002,103399711
1430746200,174.21404082329505,175.91221562,174.21404082329505,175.41232358250002,70927235
1430832600,174.81318220289754,175.44758567,173.1825147,174.2611199225,113326156
1430919000,174.53715106269877,174.53715106269877,171.54801293,173.051837525,135060151
1431005400,173.79449429384937,173.79449429384937,172.17858214,172.92738307500002,88244940
1431091800,173.3609386844247,175.77946421,173.3609386844247,175.3023888175,155877260
1431351000,174.33166375096235,175.80435509,174.33166375096235,175.1872684475,75708065
1431437400,174.7594660992312,174.7594660992312,173.0912481,173.9956171,119727592
1431523800,174.3775415996156,175.24845855,174.02050799,174.53699395249998,94667943
1431610200,174.4572677760578,176.16112452,174.4572677760578,175.62182190250002,95934006
1431696600,175.0395448392789,176.40173645,175.0395448392789,176.175644205,76510099
1431955800,175.60759452213944,177.05719655,175.60759452213944,176.49715152750002,74549685
1432042200,176.05237302481973,177.19824493,176.05237302481973,176.835252785,72114610
1432128600,176.44381290490986,177.37248116,176.31378864,176.79044918250003,76857530
1432215000,176.61713104370494,177.34759027,176.31876682,176.82280733750002,64764585
1432301400,176.71996919060248,177.17335404,176.65064535,176.82488157999998,57433495
1432647000,176.77242538530123,176.77242538530123,174.4021683,175.52410441499998,124308584
1432733400,176.1482649001506,176.70872409,174.86779388,175.8315691325,93213981
1432819800,175.9899170163253,176.38514253,175.58863405,176.105120015,74974560
1432906200,176.04751851566266,176.25239111,174.91658002,175.64049007,124919611
1433165400,175.84400429283133,176.17771844,174.75064076,175.578262845,93338750
1433251800,175.71113356891567,176.05326399,174.46024704,175.24016158999999,91531012
1433338200,175.4756475794578,176.45151823,175.33980812,175.87904850500001,87820909
1433424600,175.6773480422289,175.77863451,174.02880495,174.81871734249998,151882820
1433511000,175.24803269236446,175.24803269236446,173.38993878,174.08688369499998,121704676
1433770200,174.66745819368222,174.66745819368222,172.90041794,173.47498265000002,89063330
1433856600,174.07122042184113,174.07122042184113,172.31963051,172.9273830725,105034690
1433943000,173.49930174717056,175.40610086,173.49930174717056,174.44960619,134551285
1434029400,173.9744539685853,175.97029436,173.9744539685853,175.56374316,73876447
1434115800,174.76909856429265,175.46583899,173.97072621,174.61208147000002,135382369
1434375000,174.69059001714635,174.69059001714635,172.40260015,173.1970343825,124384184
1434461400,173.94381219982318,174.52662275,173.17421773,173.87323689000002,85308227
1434547800,173.9085245449116,175.33142819,173.70522338,174.62203782749998,126708635
1434634200,174.26528118620578,177.00741477,174.26528118620578,175.9083782725,165867949
1434720600,175.08682972935287,176.37609679,175.08682972935287,175.95506190999998,130478689
1434979800,175.52094581967643,177.24317852,175.52094581967643,176.756487215,70696027
1435066200,176.1387165173382,177.11811866,176.1387165173382,176.79087868,68476797
1435152600,176.4647975986691,176.8930109,175.47566576,176.096796425,92307318
1435239000,176.28079701183455,176.28079701183455,174.89205306,175.49650907499998,97107361
1435325400,175.88865304341726,175.88865304341726,174.38347627,175.05254655,104174840
1435584600,175.47059979670863,175.47059979670863,171.19028104,172.71246803500003,202621332
1435671000,174.0915339158543,174.0915339158543,171.14859442,172.10530239000002,182925106
1435757400,173.09841815292717,173.44135862,172.21577194,172.96196247,135979873
1435843800,173.03019031146357,173.6414544,172.42420505,173.095359655,104373652
1436189400,173.0627749832318,173.12454029,171.35702753,172.096965065,117975369
1436275800,172.5798700241159,173.55808116,170.17312747,172.4283737075,173820249
1436362200,172.50412186580795,172.50412186580795,170.28985001,171.32461618000002,164020059
1436448600,171.914369022904,172.87442056,170.72339088,171.76138776,144113107
1436535000,171.837878391452,173.399672,171.837878391452,172.8410712675,129456890
1436794200,172.339474829476,175.00043827,172.339474829476,174.583572055,106069400
1436880600,173.461523442238,175.95923057,173.461523442238,175.3130879325,81709575
1436967000,174.387305687369,176.15098903,174.387305687369,175.6382435825,97914141
1437053400,175.0127746349345,177.00139612,175.0127746349345,176.7616980425,106683266
1437139800,175.88723633871723,177.20982923,175.88723633871723,176.98472147,89029973
1437399000,176.43597890435862,177.73508066,176.43597890435862,177.3202987725,70446821
1437485400,176.87813883842932,177.36823839,176.2426996,176.8158906525,77965048
1437571800,176.84701474546466,176.84701474546466,175.82583338,176.117639735,88667920
1437658200,176.48232724023234,176.48232724023234,174.87537841,175.73203848500003,90509128
1437744600,176.10718286261618,176.10718286261618,173.08285367,174.30635602,117754979
1438003800,175.2067694413081,175.2067694413081,171.96565221,172.48673498000002,132361082
1438090200,173.84675221065407,174.6669453,172.41586772,173.7123216575,123544845
1438176600,173.77953693407704,175.95089325,173.77953693407704,175.2088713825,105791255
1438263000,174.49420415828854,175.9342186,174.49420415828854,175.37978653,91304374
1438349400,174.93699534414426,176.29272355,174.93699534414426,175.81958039,103266857
1438608600,175.37828786707212,175.52568971,173.95827273,174.965004645,113965728
1438695000,175.17164625603607,175.29082728,174.08333259,174.6936872675,81820823
1438781400,174.93266676176802,176.17600101,174.85870376,175.4089671675,85786817
1438867800,175.170816964634,175.42981048,173.12454029,174.3970244225,116030803
1438954200,174.783920693567,174.783920693567,172.47422899,173.2746121275,117857956
1439213400,174.02926641053352,175.64241225,174.02926641053352,175.0421248925,80270676
1439299800,174.53569565151676,174.64193333,173.21625086,174.01454967,126081377
1439386200,174.27512266075837,174.36680162,171.21529301,173.109949975,172123672
1439472600,173.6925363178792,174.70863192,173.42468397,174.031224315,89383253
1439559000,173.8618803164396,174.67419877,173.63311708,174.170603535,72786528
1439818200,174.01624192571978,175.57571365,173.54974383,174.67736695,79072643
1439904600,174.34680443785987,175.65074957,174.34680443785987,175.21283161,71692678
1439991000,174.77981802392992,175.09214884,172.87442056,173.993706355,172945975
1440077400,174.38676218946495,174.38676218946495,169.99804366,171.2382206575,194327884
1440163800,172.81249142348247,172.81249142348247,164.67883072,166.9174856825,346588470
1440423000,169.86498855299124,169.86498855299124,152.07279629,157.4253585275,507244330
1440509400,163.64517354024562,163.64517354024562,155.8412669,159.465918665,369833070
1440595800,161.55554610262283,162.40274117,157.05017893,160.4309639575,339256990
1440682200,160.99325503006142,166.26292235,160.99325503006142,164.85391453,274143910
1440768600,162.9235847800307,166.60892131,162.9235847800307,165.815833325,160414352
1441027800,164.36970905251536,166.01697128,164.25362718,165.0613054725,163298816
1441114200,164.71550726250769,164.71550726250769,159.01778748,160.5747828025,256000392
1441200600,162.64514503250385,162.9613419,160.42679529,162.14219978,160269331
1441287000,162.39367240625194,165.12070891,162.39367240625194,163.582472565,152087836
1441373400,162.98807248562596,162.98807248562596,159.75147202,160.6831680175,207080961
1441719000,161.835620251563,164.75386664,161.835620251563,163.8596886,116025739
1441805400,162.8476544257815,166.30460897,162.0358989,164.230699535,149347735
1441891800,163.53917698039078,164.42871099,161.95252565,162.96967922500002,158611063
1441978200,163.25442810269539,164.09521801,162.18597073,163.3000457,119691212
1442237400,163.2772369013477,164.25362718,162.93632993,163.70336376999998,79451983
1442323800,163.49030033567385,165.9044174,163.3792086,164.6665748525,113806176
1442410200,164.07843759408692,167.08831746,164.07843759408692,166.2921029825,99581557
1442496600,165.18527028829345,169.1559739,165.18527028829345,167.1466787275,276046620
1442583000,166.16597450789672,166.16597450789672,163.38987614,164.194422105,223657456
1442842200,165.18019830644835,165.66942304,163.59939332,164.6365033525,105726209
1442928600,164.90835082947416,164.90835082947416,161.37851123,162.336004735,153890876
1443015000,163.6221777822371,163.6221777822371,161.67183528,162.43657298250002,92790620
1443101400,163.02937538236856,163.02937538236856,159.70237381,161.1312809625,159378840
1443187800,162.0803281724343,163.42339889,160.7499597,162.22915097499998,155054777
1443447000,162.15473957371714,162.15473957371714,157.25521317,159.0947739925,178515871
1443533400,160.62475678310858,160.62475678310858,156.66018438,157.77900611249999,159045572
1443619800,159.20188144780428,160.76253073,158.76373685,159.917128915,163452044
1443706200,159.55950518140213,161.31984642,159.08220296,160.59910733,131078964
1443792600,160.07930625570106,163.44854095,158.49555486,161.10194855499998,211003342
1444051800,160.59062740535052,166.55777587,160.59062740535052,165.51857067,126320842
1444138200,163.05459903767525,166.75891236,163.05459903767525,165.9543664,110274530
1444224600,164.5044827188376,167.46708043,164.5044827188376,166.6950096275,124307295
1444311000,165.5997461731688,168.91274896,165.5997461731688,167.67659760499998,153055231
1444397400,166.6381718890844,169.206073,166.6381718890844,168.70113660250001,107069240
1444656600,167.6696542457922,169.08874338,167.6696542457922,168.78913381750002,56395585
1444743000,168.2293940316461,169.42397087,167.65564589,168.265340875,88038718
1444829400,168.24736745332305,168.34286223,166.72538962,167.462890085,99106161
1444915800,167.85512876916152,169.59158461,167.31203771,168.54190355,134142195
1445002200,168.19851615958078,170.37098851,168.19851615958078,169.983381735,114580052
1445261400,169.09094894729037,170.43803401,169.09094894729037,169.995952765,76523897
1445347800,169.54345085614517,170.83192631,169.54345085614517,170.1964816575,78448484
1445434200,169.86996625682258,170.79002287,168.99655583,169.8974796925,102038033
1445520600,169.88372297466128,172.23150106,169.16416957,170.88221043,174911723
1445607000,170.38296670233063,174.27638871,170.38296670233063,173.6918357875,144442340
1445866200,172.03740124491532,173.79030886,172.03740124491532,173.5284123875,69032965
1445952600,172.78290681620766,173.48022344,172.4661603,172.97528704,77905770
1446039000,172.87909692810382,175.13959949,172.81814915,174.1381073775,135906725
1446125400,173.50860215280193,175.38263941,173.50860215280193,174.8756078425,90525498
1446211800,174.19210499765097,175.5251111,174.10039428,174.772944425,131076942
1446474600,174.48252471132548,176.51403218,174.46076383,175.47063663,86270811
1446561000,174.97658067066274,177.38562364,174.97658067066274,176.4826046,95246052
1446647400,175.72959263533136,177.25153264,175.72959263533136,176.60833585749998,96224477
1446733800,176.16896424641567,176.81573691,175.23178705,176.13061574,78408744
1446820200,176.14978999320783,176.26261156,174.70380376,175.6927248375,110471473
1447079400,175.92125741535392,175.92125741535392,173.43832,174.701708585,131008660
1447165800,175.31148300017696,175.31148300017696,173.63945649,174.288959745,75874602
1447252200,174.80022137258848,175.10607674,174.03334879,174.57390310749997,67845971
1447338600,174.6870622400442,174.6870622400442,171.65323364,172.478731325,121315200
1447425000,173.5828967825221,173.5828967825221,169.65443977,170.54593536000002,153577050
1447684200,172.06441607126106,172.38235342,169.44073224,170.9262090325,117645231
1447770600,171.49531255188055,173.51374619,171.49531255188055,172.51225407750002,121123744
1447857000,172.00378331469028,175.07255399,172.00378331469028,173.8280219525,121342544
1447943400,172.91590263359512,175.1982643,172.91590263359512,174.81903820500003,88220465
1448029800,173.86747041929758,176.09499782,173.86747041929758,175.521088365,94011519
1448289000,174.6942793921488,175.9776682,174.6942793921488,175.35540218,64931172
1448375400,175.02484078607438,175.85195789,173.82383161,174.8337044075,98874365
1448461800,174.9292725967872,175.77653171,174.9292725967872,175.4853028325,51980062
1448634600,175.2072877146436,175.82681583,175.03903124,175.502064205,37317779
1448893800,175.3546759598218,175.90224202,174.78761063,175.3428311525,112822700
1448980200,175.3487535561609,176.68164592,175.24854842,176.00490543499998,97858418
1449066600,175.67682949558042,176.83249829,174.51104795,175.65375464250002,108441259
1449153000,175.66529206904022,175.66529206904022,171.59549071,173.5516897475,166224154
1449239400,174.6084909082701,175.96928751,172.58348992,174.23448527750003,192913879
1449498600,174.42148809288506,175.76773199,173.64783718,174.84407550999998,102027111
1449585000,174.63278180144252,174.63278180144252,172.45777961,173.377140985,103372367
1449671400,174.00496139322127,174.88817887,171.11686967,172.7238664225,162401537
1449757800,173.36441390786064,173.84059298,171.92141563,172.6128223175,116128884
1449844200,172.9886181126803,172.9886181126803,168.87922621,169.89328935,211173305
1450103400,171.44095373134016,171.44095373134016,167.57183902,169.283761975,182385177
1450189800,170.36235785317007,172.73434228,170.36235785317007,171.89225084,154069569
1450276200,171.12730434658505,174.64513895,171.12730434658505,173.3932738075,197017008
1450362600,172.26028907704253,174.72056513,171.66999502,173.1827090425,173092476
1450449000,172.72149905977125,172.72149905977125,168.46759487,169.78082097,251393535
1450708200,171.2511600148856,171.2511600148856,168.68678905,169.6752705375,99094290
1450794600,170.4632152761928,171.85667424,169.91764873,171.0589338525,111026246
1450881000,170.76107456434642,173.72825539,170.76107456434642,173.1128255525,110987228
1450967400,171.9369500584232,173.94744957,171.9369500584232,173.49009246999998,48542150
1451313000,172.71352126421158,173.04538118,171.93254915,172.6723295375,65899939
1451399400,172.69292540085578,175.17830925,172.69292540085578,174.5481259575,92640672
1451485800,173.6205256791779,174.6893376,173.46690847,174.09287649,63317679
1451572200,173.85670108458896,173.85670108458896,171.87353533,172.56484007749998,114877859
1451917800,173.21077058104447,173.21077058104447,167.4222072,168.8489084475,222353534
1452004200,171.02983951427223,171.02983951427223,168.65306687,169.60361089999998,110845849
1452090600,170.3167252071361,170.3167252071361,166.58758317,167.51915847249998,152112604
1452177000,168.91794183981804,168.91794183981804,163.20693434,164.4820543825,213436073
1452263400,166.699998111159,166.699998111159,161.51239466,163.24550409,209817228
1452522600,164.9727511005795,164.9727511005795,160.02861861,161.94024485,187941323
1452609000,163.45649797528975,164.01626673,161.14145065,162.95629422250002,172330490
1452695400,163.20639609889488,164.27761365,158.81462003,161.554547385,221168886
1452781800,162.38047174194745,162.92872634,158.20762074,160.68620118,240795609
1452868200,161.53333646097371,161.53333646097371,156.40348396,157.83246145750002,324846450
1453213800,159.68289895923687,160.27310444,156.97676107,158.9853385825,195244373
1453300200,159.33411877086843,159.33411877086843,152.60973839,155.79543085,286547840
1453386600,157.56477481043422,159.22771677,155.66159594,157.3160905325,195772941
1453473000,157.4404326714671,160.82108991,157.4404326714671,160.1677226175,168319598
1453732200,158.80407764448356,160.30682662,157.9968571,159.15184186,130371686
1453818600,158.97795975224176,160.62718736,158.51112038,159.583907325,141036757
1453905000,159.2809335386209,161.49553357,157.701788,159.40686587,185681707
1453991400,159.34389970431045,160.34897935,157.78609345,159.42794223,143798780
1454077800,159.38592096715524,163.45142017,159.38592096715524,161.7612643675,210529336
1454337000,160.5735926673276,164.04155837,160.5735926673276,162.83599033500002,136061564
1454423400,161.7047915011638,161.84118594,159.79256333,160.9454404575,182564890
1454509800,161.3251159793319,161.68100557,157.73551018,160.5154826275,205054934
1454596200,160.92029930341596,162.4987685,160.14664625,161.23840192,139531794
1454682600,161.07935061170798,161.58793235,157.81981564,159.71871175249998,180788308
1454941800,160.39903118210398,160.39903118210398,154.11037553,155.98827958249998,191526694
1455028200,158.19365538230198,158.19365538230198,154.44759735,155.739578485,184513136
1455114600,156.96661693365098,158.78089785,156.06626213,157.04842070750001,148214057
1455201000,157.0075188205755,157.0075188205755,152.66875221,153.939656975,219058885
1455287400,155.47358789778775,157.35613562,155.08831883,156.428775595,127632393
1455633000,155.95118174639387,160.02018807,155.95118174639387,159.3352062275,120250668
1455719400,157.64319398694693,162.97930961,157.64319398694693,161.944460125,136009496
1455805800,159.79382705597345,162.93715688,159.79382705597345,162.3470186825,102342997
1455892200,161.07042286923672,162.0182274,160.55974299,161.4027975625,114792988
1456151400,161.23661021586838,164.35348856,161.23661021586838,163.84554817999998,103640292
1456237800,162.54107919793418,163.82236418,162.0182274,162.882358335,111455289
1456324200,162.71171876646707,163.15635107,159.60709133,161.5882695675,150812152
1456410600,162.14999416698353,164.8593213,162.14999416698353,163.9003467275,110728317
1456497000,163.02517044724175,165.81197297,163.02517044724175,165.07834688,129833663
1456756200,164.0517586636209,165.43259841,162.98774016,164.0225896425,125918102
1456842600,164.03717415306045,167.10184646,163.9355021,165.6147403475,141799687
1456929000,164.82595725028023,167.81844285,164.82595725028023,167.146106825,102414960
1457015400,165.98603203764011,168.43808796,165.98603203764011,167.86691848249998,95172197
1457101800,166.92647526007005,169.74903781,166.92647526007005,168.78374033,129293601
1457361000,167.85510779503502,169.51298253,167.85510779503502,168.6636050525,100218998
1457447400,168.2593564237675,168.54346978,167.10184646,167.73624502500002,123974866
1457533800,167.99780072438375,168.43387268,167.28731847,167.97019267000002,94801213
1457620200,167.98399669719188,169.51298253,166.40211117,168.17884867499998,156838697
1457706600,168.08142268609595,170.97989749,168.08142268609595,170.2864851025,137964528
1457962200,169.18395389429799,171.17380004,169.18395389429799,170.60684583749998,73611974
1458048600,169.89539986589898,170.4656342,169.49612144,170.03989164,93169090
1458135000,169.9676457529495,171.8313826,169.91764873,170.7838873,129303179
1458221400,170.37576652647476,173.02008955,170.37576652647476,171.95573315,134278505
1458307800,171.1657498382374,173.53080307,171.1657498382374,173.1092210075,138372404
1458567000,172.13748542286868,173.66638725,172.13748542286868,173.183368605,72926659
1458653400,172.66042701393434,173.91213358,172.5054477,173.107102505,97471939
1458739800,172.88376475946717,173.14947256,172.03090307,172.58578132999997,81052455
1458826200,172.73477304473357,172.73477304473357,170.95470364,171.6029655,84360853
1459171800,172.1688692723668,172.75119403,171.77244573,172.32219720999998,62408185
1459258200,172.2455332411834,173.9290816,171.51398838,172.770430035,92922863
1459344600,172.5079816380917,175.30187143,172.5079816380917,174.729875665,86365310
1459431000,173.61892865154584,174.91206691,173.61892865154584,174.38879671,94584110
1459517400,174.00386268077293,175.53066973,172.85288216,174.2235534875,114423478
1459776600,174.11370808413648,175.47135165,174.11370808413648,174.99680702,63496969
1459863000,174.55525755206824,174.78851582,172.77661606,173.50821982500003,99662158
1459949400,174.03173868853412,174.979859,172.85288216,173.96721464750001,91839761
1460035800,173.99947666801705,174.19177595,172.09869516,173.2384496775,113859037
1460122200,173.61896317275853,174.43752227,172.75966804,173.62384770999998,95040598
1460381400,173.62140544137924,174.62395052,172.79356409,173.55836479,83757486
1460467800,173.58988511568964,174.77648273,172.61560985,173.7362978425,115350567
1460554200,173.66309147909482,176.34417481,173.66309147909482,175.8231925975,96336433
1460640600,174.7431420382974,176.76787538,174.7431420382974,176.31875278,65212883
1460727000,175.53094740914872,176.40527244,175.53094740914872,176.124295405,75761615
1460986200,175.82762140707436,177.34410815,175.41203357,176.3990864075,82530960
1461072600,176.11335390728718,178.12371718,176.11335390728718,177.69577961,88316060
1461159000,176.90456675864357,178.733846,176.90456675864357,178.03050306,81100314
1461245400,177.46753490932178,178.16608724,176.81024543,177.52841789000001,85695041
1461331800,177.4979763996609,177.4979763996609,176.1831686,176.83566747000003,99251724
1461591000,177.16682193483047,177.16682193483047,175.86963018,176.48611450250002,66166494
1461677400,176.82646821866524,177.54748442,176.56449911,177.072770305,75864174
1461763800,176.94961926183262,177.79323074,176.30180476,177.0390437375,77329437
1461850200,176.99433149966632,177.75086069,175.37813753,176.392370755,97216169
1461936600,176.69335112733316,176.69335112733316,173.74265335,174.82114076750003,142424137
1462195800,175.7572459474166,176.4119669,174.91206691,175.72557199,62188015
1462282200,175.7414089687083,175.7414089687083,173.95450363,174.72546917749997,106422142
1462368600,175.23343907310414,175.23343907310414,173.22573866,173.77443089,92243810
1462455000,174.50393498155205,174.54768442,173.26810872,173.9248445925,67619222
1462541400,174.21438978702602,174.36973018,172.76814205,173.596476655,89315004
1462800600,173.90543322101303,174.9035929,173.90543322101303,174.39921974499998,74374922
1462887000,174.1523264830065,176.68313527,174.1523264830065,175.90140772750001,77472207
1462973400,175.02686710525325,176.71703131,174.98833301,175.7192164825,81726989
1463059800,175.3730417938766,175.82717539,174.03076973,175.13872552499998,89586308
1463146200,175.2558836594383,175.29339741,173.19184262,174.18542044,96474630
1463405400,174.72065204971915,175.70014996,173.62401719,174.558276935,77486827
1463491800,174.6394644923596,175.24255335,173.06473245,174.21313045750003,114924940
1463578200,174.4262974749298,174.81885278,172.55629177,173.56469911,123493379
1463664600,173.9954982924649,173.9954982924649,171.83600081,172.78085307,115430507
1463751000,173.38817568123244,174.64937256,173.38817568123244,174.00746620500001,104990408
1464010200,173.69782094311623,174.42904826,173.69782094311623,174.04453999999998,58682576
1464096600,173.8711804715581,176.46281097,173.8711804715581,175.50101069,93537808
1464183000,174.68609558077904,177.7593347,174.68609558077904,177.01978655,79221525
1464269400,175.85294106538953,177.70849063,175.85294106538953,177.4161372425,55280699
1464355800,176.6345391539448,178.16608724,176.6345391539448,177.84619331500002,64211214
1464701400,177.2403662344724,178.53894374,177.2403662344724,178.011436535,109879380
1464787800,177.6259013847362,178.3609895,177.01362171,177.6915426075,69936215
1464874200,177.65872199611812,178.74232001,177.31012736,178.14064402,63044749
1464960600,177.89968300805907,178.53894374,176.98819967,177.97118498,101757126
1465219800,177.93543399402955,179.45413695,177.93543399402955,178.8715486775,64887045
1465306200,178.40349133576478,179.9371556,178.40349133576478,179.446722195,60974761
1465392600,178.9251067653824,180.0896878,178.9251067653824,179.737995145,66170920
1465479000,179.3315509551912,179.83546746,178.9626443,179.43718893,73786869
1465565400,179.38436994259558,179.38436994259558,177.47121831,178.12795419,113829158
1465824600,178.7561620662978,178.7561620662978,176.5560251,177.21894700250002,117751153
1465911000,177.9875545343989,177.9875545343989,175.34415674,176.1958584325,125059286
1465997400,177.09170648344946,177.41190024,175.86115617,176.509418035,109124496
1466083800,176.80056225922473,176.80056225922473,174.21719798,175.6789649275,149533065
1466170200,176.23976359336237,176.494983,175.25985884,176.03500572500002,117055748
1466429400,176.13738465918118,178.54784453,176.13738465918118,177.60872426249998,82789603
1466515800,176.8730544608406,177.96009579,176.8730544608406,177.4830823225,72461663
1466602200,177.1780683916703,178.45414545,177.11680412,177.640667125,95560471
1466688600,177.40936775833515,179.62112483,177.40936775833515,179.04189419,102731356
1466775000,178.2256309741676,178.2256309741676,172.67887526,173.85117844500002,333444400
1467034200,176.0384047095838,176.0384047095838,169.21200952,170.66860421250001,248988660
1467120600,173.3535044610419,173.3535044610419,171.31597964,172.2848493575,159382399
1467207000,172.81917690927094,176.26499436,172.81917690927094,175.29180170499998,137328614
1467293400,174.05548930713547,178.48821784,174.05548930713547,177.3435984725,165021948
1467379800,175.69954388981773,179.29743712,175.69954388981773,178.6800454025,106055333
1467725400,177.18979464615887,178.09638535,176.92940598,177.63427855500004,109803713
1467811800,177.41203660057946,178.70968838,176.37572963,177.676869045,96021491
1467898200,177.5444528227897,179.43330078,177.5444528227897,178.59799483,85593827
1467984600,178.07122382639486,181.38437104,178.07122382639486,180.45983802,133970972
1468243800,179.26553092319745,182.34691607,179.26553092319745,181.778333055,73633937
1468330200,180.52193198909873,183.39464208,180.52193198909873,182.75808464250002,101275629
1468416600,181.64000831579938,183.52241355,181.64000831579938,183.173171545,87324129
1468503000,182.4065899303997,184.56162146,182.4065899303997,184.17191849250003,91230870
1468589400,183.28925421144987,184.8533663,183.28925421144987,184.18906116250002,107155401
1468848600,183.73915768697495,184.50199477,183.70981169,184.12915763750001,58725918
1468935000,183.93415766223748,184.18682516,183.6757393,183.98452034000002,54345728
1469021400,183.95933900111874,185.15788829,183.95933900111874,184.72453007500002,58159457
1469107800,184.34193453805938,185.03011683,183.77795648,184.45833952499999,67777310
1469194200,184.40013703152968,185.09826161,184.07608989,184.64041386000002,62787477
1469453400,184.52027544576487,184.89382727,183.96535462,184.5616214575,55873147
1469539800,184.54094845163243,184.98752634,183.78647457,184.46153381,70080493
1469626200,184.5012411308162,185.07270732,183.66722121,184.5445852625,84083893
1469712600,184.5229131966581,184.93641775,183.77795648,184.3997776025,65035718
1469799000,184.46134539957905,185.30269595,184.10164419,184.68300435,79519436
1470058200,184.57217487478954,185.39639503,184.33589187,184.88211488000002,73311422
1470144600,184.72714487739478,184.72714487739478,182.77282095,183.905557575,92295506
1470231000,184.31635122619738,184.31635122619738,183.24983442,183.78540981000003,53993626
1470317400,184.05088051809872,184.65532053,182.50024183,183.93760692,46585528
1470403800,183.99424371904936,185.89044469,183.99424371904936,185.41556074500002,71892161
1470663000,184.7049022320247,186.13746952,184.7049022320247,185.84572467499999,39906479
1470749400,185.27531345351235,186.34190386,185.27531345351235,185.879797065,51251728
1470835800,185.57755525925617,186.03848923,185.03863493,185.60589763999997,57941092
1470922200,185.59172644962808,186.49522962,185.59172644962808,186.077842835,72504270
1471008600,185.83478464231405,186.29931338,185.68601035,186.00330948250001,61313544
1471267800,185.91904706240703,186.97224309,185.91904706240703,186.623001085,49813482
1471354200,186.27102407370353,186.27375908,185.66045605,185.95007137,53213621
1471440600,186.11054772185176,186.14598762,184.85975487,185.6774922475,75134339
1471527000,185.89401998467588,186.46115723,185.87340849,186.18644858,52989266
1471613400,186.04023428233793,186.33338577,185.4730579,185.979884715,75443004
1471872600,186.01005949866897,186.37597625,185.54972078,185.99692090750003,61368766
1471959000,186.00349020308448,187.05742406,186.00349020308448,186.69966396249998,53399159
1472045400,186.35157708279223,186.46967533,185.14937019,185.8904446875,71728949
1472131800,186.12101088514612,186.12101088514612,185.03011683,185.37722930500001,69224776
1472218200,185.74912009507307,186.64855538,184.20386136,185.3921359775,122506348
1472477400,185.57062803628654,186.26098194,185.18344258,185.6659502275,70502167
1472563800,185.61828913189328,186.1970962,185.1408521,185.73711893,58114543
1472650200,185.67770403094664,185.67770403094664,184.38700046,185.0993263725,85269453
1472736600,185.38851520172332,185.46453981,184.01646321,184.95345394999998,97844207
1472823000,185.17098457586167,186.43560294,185.17098457586167,185.97775519,79293856
1473168600,185.57436988293085,186.64855538,185.57436988293085,186.2717999225,56702089
1473255000,185.92308490271543,186.73373635,185.92308490271543,186.412178165,76554855
1473341400,186.16763153385773,186.49522962,185.82229991,186.1672828625,74102880
1473427800,186.16745719817885,186.16745719817885,181.64843207,183.2519639475,221589073
1473687000,184.7097105728394,184.7097105728394,180.84773089,182.68125140499998,168110913
1473773400,183.6954809889197,183.6954809889197,181.00957474,182.22764141,182828839
1473859800,182.96156119945985,182.96156119945985,181.00957474,181.7847216275,134185491
1473946200,182.3731414134799,183.76092028,181.22252718,182.44061514499998,145736123
1474032600,182.40687827923995,182.94275904,181.98391263,182.58961248249997,155236354
1474291800,182.49824538086995,183.96153335,182.37772455,183.09043851,80250490
1474378200,182.79434194543498,183.71326062,182.67736405,183.1653483875,69665279
1474464600,182.9798451664675,184.94606315,182.72873082,183.96367363500002,110284425
1474551000,183.47175940073376,186.23023246,183.47175940073376,185.86638449,76678713
1474637400,184.66907194536688,185.67375909,184.66907194536688,185.235001245,73630921
1474896600,184.95203659518344,184.95203659518344,183.21671516,183.743224575,89827305
1474983000,184.34763058509174,184.64642365,182.88283114,183.8331164225,78494829
1475069400,184.0903735037959,185.62239232,183.81599417,184.92037976749998,87411015
1475155800,184.50537663564793,185.66519796,183.24239854,184.49018305,128070615
1475242200,184.49777984282397,185.87922618,184.37246753,185.0124119,117202914
1475501400,184.75509587141198,184.95462428,184.09851141,184.63786252,83512057
1475587800,184.696479195706,185.06591896,183.1995929,184.2247880625,119948052
1475674200,184.460633629103,185.03167444,184.34678415,184.599337445,72815963
1475760600,184.52998553705152,184.95462428,183.83739699,184.47627121749997,62927376
1475847000,184.50312837727574,185.17721363,183.37081548,184.41313289500002,89788255
1476106200,184.45813063613787,185.51965878,184.45813063613787,185.1344079875,51855023
1476192600,184.79626931181895,184.79626931181895,181.99247376,183.50993381499998,130367373
1476279000,184.15310156340945,184.15310156340945,182.36060229,182.9149353725,73866117
1476365400,183.53401846795472,183.53401846795472,180.81959912,181.9175638775,101356960
1476451800,182.72579117272736,183.79887191,182.37772455,182.99198553000002,93346237
1476711000,182.8588883513637,182.8588883513637,181.64146748,182.14443379,58275674
1476797400,182.50166107068185,183.47354902,182.50166107068185,183.10756077,76869656
1476883800,182.8046109203409,183.75606627,182.8046109203409,183.32372926750003,66519224
1476970200,183.06417009392047,183.66189385,182.44621358,183.07759682000002,73639830
1477056600,183.07088345696025,183.27664306,182.14657407,182.7330113875,89089092
1477315800,182.90194742223014,184.33822302,182.90194742223014,183.9979181525,60146592
1477402200,183.44993278736507,184.04714464,183.19103177,183.59554510249998,66542329
1477488600,183.52273894493254,183.56772143,182.29211326,182.8443060575,75705478
1477575000,183.18352250121626,183.73894401,182.42053019,183.09043851,77220213
1477661400,183.13698050560814,183.14822613,181.24765556,182.2065019725,140623183
1477920600,182.67174123905409,182.67174123905409,181.80412892,182.14443379000002,61272507
1478007000,182.40808751452704,182.40808751452704,179.4412574,181.18130681,122781818
1478093400,181.7946971622635,181.7946971622635,179.12449564,179.93780287,103330806
1478179800,180.86625001613174,180.86625001613174,178.46528873,179.24221116,88939346
1478266200,180.05423058806588,180.05423058806588,178.3967997,178.869802065,109122059
1478529000,179.46201632653293,182.51470261,179.46201632653293,181.7292190475,109794861
1478615400,180.59561768701647,183.86736094,180.59561768701647,182.769396185,106772138
1478701800,181.68250693600822,185.86210392,181.68250693600822,183.6767046025,258428972
1478788200,182.67960576925412,186.8980005,182.67960576925412,185.722985585,172113313
1478874600,184.20129567712706,185.51965878,184.20129567712706,185.0316744425,100552732
1479133800,184.61648505981353,186.00764311,184.61648505981353,185.47899341500002,94579982
1479220200,185.04773923740677,186.87231711,185.04773923740677,186.2901603575,91652580
1479306600,185.6689497974534,186.75246131,185.6689497974534,186.41643700499998,65617697
1479393000,186.0426934012267,187.54008515,186.0426934012267,187.0649425075,69797191
1479479400,186.55381795436335,187.71986885,186.55381795436335,187.30251382749998,86265751
1479738600,186.92816589093167,188.49893156,186.92816589093167,188.02378892000002,72402638
1479825000,187.47597740546584,189.02116041,187.47597740546584,188.689416675,67428957
1479911400,188.08269704023292,188.99547703,188.08269704023292,188.599524825,56620237
1480084200,188.34111093261646,189.68036732,188.34111093261646,189.45563769249998,37872255
1480343400,188.89837431255822,189.61187829,188.65303188,189.08964944,76572511
1480429800,188.9940118762791,189.57763378,188.49037043,188.99547702750002,69886690
1480516200,188.99474445188957,189.90295667,188.61022624,189.2309080675,113291793
1480602600,189.11282625969477,189.11282625969477,187.61713531,188.38335632500002,79040487
1480689000,188.7480912923474,188.7480912923474,187.71130772,188.1008390775,74840347
1480948200,188.4244651849237,189.54338926,188.4244651849237,189.08750915750002,67837821
1481034600,188.75598717121187,189.8379777,188.75598717121187,189.48476693500004,59877377
1481121000,189.12037705310595,192.34287835,189.12037705310595,190.9495546525,110738050
1481207400,190.034965852803,193.2246746,190.034965852803,192.5569065625,99714387
1481293800,191.2959362076515,193.93524828,191.2959362076515,193.44298338,88005766
1481553000,192.36945979382574,194.30337682,192.36945979382574,193.77472712000002,102016125
1481639400,193.07209345691288,195.48481258,193.07209345691288,194.7913611525,110477485
1481725800,193.93172730470644,195.39064016,192.93787679,194.09897987,142501812
1481812200,194.01535358735322,195.03107275,193.38767849,194.0530494125,124972554
1481898600,194.0342014999266,194.69073333,193.47649972,194.14820342000002,156420152
1482157800,194.0912024599633,194.63906381,193.82957474,194.16542658999998,90341147
1482244200,194.12831452498165,195.11270104,194.12831452498165,194.83713028999998,89838810
1482330600,194.48272240749083,195.00936201,194.42377417,194.67351016,67909039
1482417000,194.57811628374543,194.57811628374543,193.69178937,194.1137570775,56219071
1482503400,194.3459366806227,194.38071624,193.94152536,194.206331625,36697822
1482849000,194.27613415281135,195.25048641,194.27613415281135,194.84143608,42672487
1482935400,194.55878511640566,195.12992421,193.13203629,194.15466211,64095014
1483021800,194.35672361320283,194.35672361320283,192.76173809,193.235375315,48696080
1483108200,193.79604946410143,193.79604946410143,191.80585206,192.8607713325,108998328
1483453800,193.32841039830072,194.47544368,192.79937073,193.7593257325,91366522
1483540200,193.54386806540037,195.26770958,193.54386806540037,194.7424028425,78744433
1483626600,194.1431354539502,195.12131262,194.1431354539502,194.779002085,78379012
1483713000,194.4610687694751,196.12886817,194.4610687694751,195.3516725425,71559922
1483972200,194.90637065598756,195.54336645,194.90637065598756,195.23679399,46939676
1484058600,195.07158232299378,195.87052059,194.63045223,195.1385357925,63771939
1484145000,195.10505905774687,195.56911509,194.26876562,195.0847133825,74650016
1484231400,195.09488622012344,195.26770958,193.72192992,194.7800785325,72113181
1484317800,194.93748237631172,195.82746266,194.93748237631172,195.45501157500001,62717865
1484663400,195.19624697565587,195.29354434,194.44960893,194.86727084,61240814
1484749800,195.03175890782794,195.31076751,194.53572478,195.04919059,54793302
1484836200,195.04047474891397,195.48299923,194.11375708,194.871576635,66608787
1484922600,194.956025691957,195.74995839,194.59764209,195.2078375325,129168623
1485181800,195.08193161222852,195.31507331,193.99319487,194.74563218999998,75061645
1485268200,194.91378190111425,196.4130505,194.85435346,195.558350605,95555295
1485354600,195.23606625305712,197.6961768,195.23606625305712,197.2806677825,84437712
1485441000,196.25836701777854,197.816739,196.25836701777854,197.51748639250002,59970719
1485527400,196.88792670513928,197.71339997,196.88792670513928,197.36463074250003,59711118
1485786600,197.12627872381967,197.12627872381967,194.97491566,195.984624105,79737252
1485873000,196.55545141440984,196.55545141440984,194.89741139,195.57557377749998,75880805
1485959400,196.0655125959549,196.85224138,195.43132971,196.216060475,79117651
1486045800,196.14078653547745,196.43027368,195.32799068,195.8898966625,69657560
1486132200,196.01534159898873,197.67895363,196.01534159898873,197.241915645,80563168
1486391400,196.62862862199438,197.4860541,196.62862862199438,197.13340966,57790108
1486477800,196.88101914099718,197.76989197,196.88101914099718,197.3550718825,57931151
1486564200,197.1180455117486,197.54116825,196.61111698,197.10843606,51566218
1486650600,197.1132407858743,198.88457565,197.1132407858743,198.20210746749999,65955245
1486737000,197.65767412668714,199.59072569,197.65767412668714,199.121738725,66015892
1486996200,198.38970642584357,200.71023185,198.38970642584357,200.21291276750003,55182050
1487082600,199.30130959667179,201.26137335,199.30130959667179,200.67793840500002,71108983
1487169000,199.9896240008359,202.49283013,199.9896240008359,201.7048700225,86785826
1487255400,200.84724701166795,202.50574751,200.84724701166795,202.08916204,84722437
1487341800,201.46820452583398,202.4497722,201.45082824,201.9546060125,77204104
1487687400,201.711405269167,203.82762594,201.711405269167,203.27863733750002,88946051
1487773800,202.4950213033335,203.69845215,202.4950213033335,203.37767057500002,62115185
1487860200,202.93634593916676,204.00846924,202.85451673,203.6166420825,74615902
1487946600,203.27649401083337,203.9164975,202.72534295,203.3202312975,82381612
1488205800,203.29836265416668,204.36154426,203.29836265416668,203.9675642075,56515440
1488292200,203.63296343083334,204.05152717,203.24634389,203.6866112175,96961938
1488378600,203.65978732416667,206.95363161,203.65978732416667,206.0020513675,149158170
1488465000,204.83091934583334,206.30776267,204.83091934583334,205.73293930999998,70245978
1488551400,205.28192932791666,205.48105042,204.72323087,205.1559630575,81974300
1488810600,205.21894619270833,205.21894619270833,204.10319668,204.5983628725,55391533
1488897000,204.90865453260415,204.90865453260415,203.88790704,204.286192885,65103737
1488983400,204.59742370880207,204.64572659,203.57788995,204.08166771999998,78168795
1489069800,204.33954571440103,204.33954571440103,203.00952528,203.78026221500002,90683918
1489156200,204.05990396470054,204.97296686,203.74151008,204.58329259750002,81991652
1489411800,204.32159828110028,204.83518148,204.30126316,204.6392679025,57256824
1489498200,204.48043309180014,204.48043309180014,203.39704664,203.98909317,59880778
1489584600,204.23476313090006,206.19581205,204.23476313090006,205.2227028475,96081750
1489671000,204.7287329892,205.98913399,204.7287329892,205.577930765,78343951
1489757400,205.15333187710002,205.82154639,205.00853528,205.36747103749997,89002111
1490016600,205.2604014573,205.29395408,204.39445242,204.87015041249998,52536979
1490103000,205.0652759349,205.51018043,202.02461153,203.76955824499998,131809275
1490189400,204.41741708995,204.41741708995,201.56621165,202.32516617000002,97569204
1490275800,203.37129162997502,203.5468451,202.04190964,202.5976113825,100410277
1490362200,202.98445150623752,203.28737347,201.48837016,202.43976614000002,112504853
1490621400,202.71210882311877,202.71210882311877,200.32074782,201.3240381275,87454452
1490707800,202.0180734753094,203.95335065,201.64405314,202.7208604075,93483915
1490794200,202.3694669414047,203.95335065,202.3694669414047,203.48305831750002,60786374
1490880600,202.92626262945237,204.56743351,202.92626262945237,204.02038082250002,56737890
1490967000,203.47332172597618,204.55878446,203.47332172597618,204.0809242025,73733094
1491226200,203.7771229642381,204.14362985,202.31003032,203.48413945250002,85546486
1491312600,203.63063120836904,203.7544224,202.86789433,203.38575645999998,56466195
1491399000,203.5081938341845,205.31990124,202.85492075,203.89496953499997,108800604
1491485400,203.70158168459224,204.1522789,202.75545662,203.43548852,69135757
1491571800,203.56853510229612,204.11768268,202.94141129,203.4668413425,74412311
1491831000,203.51768822239808,204.33823357,203.01925278,203.617118665,67615302
1491917400,203.56740344369905,203.56740344369905,201.81703423,202.924113185,88045276
1492003800,203.24575831434953,203.24575831434953,202.18894356,202.7122113525,81864436
1492090200,202.97898483342476,202.97898483342476,201.09916272,201.77162669499998,92880394
1492435800,202.37530576421238,202.88086791,201.41917773,202.1997548825,68405367
1492522200,202.28753032335618,202.81167548,201.59215881,202.2062416725,83225821
1492608600,202.24688599792808,203.20953198,201.67864936,202.4073321875,68699868
1492695000,202.32710909271404,203.98362234,202.19759262,203.0614169225,92572186
1492781400,202.69426300760702,203.52089793,202.50030952,203.09709426999999,110389847
1493040600,202.8956786388035,205.33719935,202.8956786388035,205.06259187249998,119209877
1493127000,203.97913525565173,206.66915372,203.97913525565173,206.11128971000002,75050935
1493213400,205.0452124828259,207.17079887,205.0452124828259,206.4507650975,84702455
1493299800,205.74798879016294,206.66915372,205.74798879016294,206.34481418,57410326
1493386200,206.04640148508145,206.65185561,205.78695017,206.245350055,63532845
1493645400,206.14587577004073,206.85943291,206.01615011,206.43671038000002,66882521
1493731800,206.29129307502038,206.69510088,206.10696518,206.47238773,57375732
1493818200,206.3818404025102,206.60644807,205.58802192,206.13885857,73137731
1493904600,206.2603494862551,206.64536882,205.65721436,206.34319248,61462732
1493991000,206.30177098312754,207.3351309,206.30177098312754,206.99133099,62001269
1494250200,206.64655098656377,207.50811199,206.64655098656377,207.2529648875,48385730
1494336600,206.9497579370319,207.74163646,206.74699521,207.281074315,51363200
1494423000,207.11541612601596,207.46486672,206.8421348,207.20539508750002,54293799
1494509400,207.160405606758,207.20539509,205.95993126,206.80537632249997,62358346
1494595800,206.98289096462898,207.08197308,206.4269802,206.74857366,53912730
1494855000,206.8657323123145,207.95786282,206.8657323123145,207.50378746,61918937
1494941400,207.18475988615725,208.15679107,207.18475988615725,207.79785531,51241791
1495027800,207.4913075980786,207.4913075980786,203.90145632,205.04961828999998,172174107
1495114200,206.2704629440393,206.2704629440393,203.62468659,204.48094297,107047656
1495200600,205.37570295701966,206.78159142,205.21611259,205.84533129,115011373
1495459800,205.61051712350982,207.32648185,205.61051712350982,206.9178140325,61010602
1495546200,206.2641655780049,207.78488173,206.2641655780049,207.52324783499998,48341683
1495632600,206.89370670650243,208.20868539,206.89370670650243,207.9211043325,49181099
1495719000,207.4074055195012,209.37630773,207.4074055195012,208.87466257749998,64071661
1495805400,208.1410340485006,209.22062475,208.1410340485006,209.00439839,46629905
1496151000,208.5727162192503,209.12548515,208.5727162192503,208.8292550425,35201897
1496237400,208.70098563087515,209.20332664,208.1308439,208.8314173025,91796016
1496323800,208.76620146668756,210.50068479,208.76620146668756,209.8152472375,68962024
1496410200,209.29072435209378,211.33964307,209.29072435209378,210.82502433250002,88666128
1496669400,210.05787434229688,211.29639779,210.05787434229688,211.04125069,44698825
1496755800,210.54956251614846,211.01962806,210.27580938,210.5287942225,50375430
1496842200,210.53917836932425,210.96773373,210.02498681,210.60663571249998,54144311
1496928600,210.57290704091213,211.32234496,210.31905465,210.8315111225,65950691
1497015000,210.70220908170606,211.91048065,209.26387002,210.70393757000002,132256362
1497274200,210.70307332585304,210.70307332585304,209.63577936,210.234726375,86108102
1497360600,210.4688998504265,211.56451848,210.4688998504265,211.19258752,60066953
1497447000,210.83074368521324,211.78939389,210.42284331,211.3093713775,78602311
1497533400,211.0700575313566,211.0700575313566,209.61848125,210.3277037075,66464888
1497619800,210.6988806194283,211.0492892,210.00955662,210.7350358325,84553097
1497879000,210.71695822596416,212.70062409,210.71695822596416,212.16611306,65123802
1497965400,211.44153564298207,212.29213598,211.18834898,211.7424152925,56906368
1498051800,211.59197546774104,211.70982316,210.68425728,211.27743415499998,55977569
1498138200,211.43470481137052,211.65767574,210.88415572,211.190521795,44148059
1498224600,211.31261330318526,211.64029327,210.7364047,211.2013858375,66986801
1498483800,211.25699957034263,212.39643082,211.23615078,211.7652297875,56700477
1498570200,211.51111467892133,211.5273072,209.7282213,210.55823436,82247666
1498656600,211.03467451946068,211.81846361,210.52781503,211.1829169625,70042599
1498743000,211.10879574098033,211.82280923,208.55055879,210.4767540175,106949719
1498829400,210.79277487924017,210.94499437,209.95853906,210.4072241275,86820694
1499088600,210.5999995033701,211.5273072,210.51043256,210.9102294275,39153806
1499261400,210.75511446543504,211.20573146,210.06717951,210.78637931,54427596
1499347800,210.7707468877175,210.7707468877175,208.88517139,209.63479051250002,66115317
1499434200,210.20276870010878,210.57127121,209.08028964,209.92909749749998,57972268
1499693400,210.06593309880438,211.0232155,210.06593309880438,210.51912379750001,36663274
1499779800,210.2925284481522,210.80593459,209.32842443,210.2735963725,50354614
1499866200,210.28306241032612,212.23998857,210.28306241032612,211.8075995675,59610405
1499952600,211.04533098891307,212.54418184,211.04533098891307,212.2291245225,39471637
1500039000,211.63722775570653,213.77833738,211.63722775570653,212.99395331000002,60262692
1500298200,212.31559053285326,213.72618996,212.31559053285326,213.4219966925,33531917
1500384600,212.86879361267663,213.56105647,212.64847667,213.17646926999998,42742498
1500471000,213.02263144133832,214.67353471,213.02263144133832,214.243318515,51034260
1500557400,213.63297497816916,215.03856663,213.63297497816916,214.7322005525,47135183
1500643800,214.18258776533457,214.59531358,213.96085334,214.32805806750002,88711019
1500903000,214.2553229164173,214.65615224,214.0477657,214.4280072875,46622256
1500989400,214.34166510195865,215.36883361,214.34166510195865,215.121133375,54915591
1501075800,214.73139923847933,215.36014237,214.73139923847933,215.1298246125,47575422
1501162200,214.93061192548964,215.54265833,213.52629153,214.85605067,70766568
1501248600,214.89333129774482,214.89333129774482,213.91739716,214.40193357750002,50088359
1501507800,214.6476324376224,215.09071405,214.26504661,214.7061268475,65838659
1501594200,214.6768796425612,215.10809652,214.4267036,214.88994649250003,55050401
1501680600,214.7834130675306,215.19500888,214.12598683,214.864741905,47211216
1501767000,214.8240774862653,214.96903674,214.36065021,214.72785493499998,40855997
1501853400,214.77596621063265,215.36014237,214.647461,215.0407394375,60191838
1502112600,214.90835282406633,215.42967226,214.90835282406633,215.23846506249998,31995021
1502199000,215.07340894328314,216.33356083,214.52578369,215.2189097825,61719353
1502285400,215.14615936289158,215.14615936289158,213.8565585,214.475809085,62632619
1502371800,214.8109842239458,214.8109842239458,211.80542676,212.97657083750002,120479470
1502458200,213.8937775307229,213.8937775307229,211.84888294,212.21608767,74869947
1502717400,213.05493260036144,214.49101875,213.05493260036144,213.90653311249997,73291919
1502803800,213.4807328564307,214.67353471,213.4807328564307,214.3802054875,55242746
1502890200,213.93046917196534,215.16893517,213.93046917196534,214.6887443725,56715544
1502976600,214.30960677223266,214.32588526,211.27526135,212.72235217999997,128490396
1503063000,213.5159794761163,213.5159794761163,210.50174132,211.19682294000003,136747986
1503322200,212.35640120805817,212.35640120805817,210.18016558,210.886328525,65469736
1503408600,211.6213648665291,213.47414411,211.6213648665291,212.5398362175,63140101
1503495000,212.08060054201457,212.97874365,212.08060054201457,212.522453745,50203837
1503581400,212.3015271435073,213.09172972,211.84888294,212.483343185,50741671
1503667800,212.39243516425364,213.46545287,212.39243516425364,212.81795577500003,64445912
1503927000,212.60519546962684,213.10911219,212.14438497,212.7245249875,40565606
1504013400,212.6648602285634,213.06565601,211.13620157,212.063991035,51135715
1504099800,212.3644256317817,214.08253065,212.3644256317817,213.3220474775,62030805
1504186200,212.84323655464084,215.3427599,212.84323655464084,214.67946647750003,103803880
1504272600,213.76135151607042,215.82946913,213.76135151607042,215.490510915,62006989
1504618200,214.62593121553522,215.12547899,212.89183128,214.193343905,91398777
1504704600,214.4096375602676,214.91688932,214.00430952,214.51057403,57916867
1504791000,214.4601057951338,214.90819809,214.15206054,214.6279057225,58034730
1504877400,214.54400575881692,214.76913831,214.06514817,214.3541317775,63832825
1505136600,214.44906876815844,216.67251904,214.44906876815844,216.1010702575,71364848
1505223000,215.27506951282922,217.3591267,215.27506951282922,217.104908045,56896027
1505309400,216.1899887789146,217.46342154,216.1899887789146,217.213548495,59228002
1505395800,216.7017686369573,217.55902514,216.7017686369573,217.239622205,95446349
1505482200,216.97069542097864,217.73869925,216.97069542097864,217.4286296975,95432382
1505741400,217.19966255923933,218.46365059,217.19966255923933,218.08152262250002,46235238
1505827800,217.6405925908697,218.41997882,217.6405925908697,218.2802291675,47108148
1505914200,217.96041087918485,218.52479107,217.41552817,218.1928856325,59574083
1506000600,218.07664825584243,218.34136964,217.64698854,218.0171067675,48211398
1506087000,218.0468775116712,218.0468775116712,217.5028717,217.73433207,51214032
1506346200,217.8906047908356,217.96858743,216.68184247,217.42277768000002,57064357
1506432600,217.6566912354178,218.09680774,217.3150831,217.704853625,54081959
1506519000,217.6807724302089,218.78682167,217.3718564,218.203803575,81001426
1506605400,217.94228800260444,218.7431499,217.94228800260444,218.3915921725,44778841
1506691800,218.16694008755223,219.51177302,218.16694008755223,219.0182820425,85578002
1506951000,218.59261106502612,220.38520837,218.59261106502612,219.979628665,59022985
1507037400,219.28611986501306,220.88306652,219.28611986501306,220.6385046225,66810169
1507123800,219.96231224375651,221.36345596,219.96231224375651,220.94639058250002,55953619
1507210200,220.45435141312828,222.4465158,220.45435141312828,221.86917503499996,63522757
1507296600,221.16176322406412,222.46468326,221.16176322406412,222.08639840749998,80645998
1507555800,221.62408081578207,222.46398451,221.54687739,222.055653485,35803138
1507642200,221.83986715039103,222.76968688,221.83511106,222.34388714750003,43057363
1507728600,222.0918771489455,222.74348382,222.0918771489455,222.4792696275,47674325
1507815000,222.28557338822276,222.77842124,222.17138367,222.44760759999997,47080269
1507901400,222.36659049411136,222.96184266,222.36659049411136,222.7260151175,54800435
1508160600,222.54630280580568,223.17146715,222.54630280580568,222.90725295250002,38521675
1508247000,222.72677787915285,223.1802015,222.70854641,222.9880457225,31560964
1508333400,222.8574118008264,223.5557787,222.8574118008264,223.39637674749997,40888330
1508419800,223.1268942741632,223.45096646,222.15828214,222.90070219,61903788
1508506200,223.0137982320816,224.59516677,223.0137982320816,224.19434728749997,89176377
1508765400,223.60407275979077,224.91833785,223.60407275979077,224.280730045,63915306
1508851800,223.94240140239538,224.32440181,223.73046577,224.0667383825,66935910
1508938200,224.0045698924477,224.0045698924477,221.85257976,223.1146938475,103715291
1509024600,223.55963186997386,223.86148108,223.14526409,223.46625158249998,69797972
1509111000,223.51294172623693,225.25024329,223.27226159,224.4063737225,85562544
1509370200,223.95965772436847,224.99694704,223.95755896,224.43576482,54285687
1509456600,224.19771127218422,224.85719738,224.19771127218422,224.59844215750002,60304781
1509543000,224.39807671484212,225.72189838,224.39807671484212,225.134513105,54202736
1509629400,224.76629490992104,225.12796234,223.76540319,224.6781431325,56449535
1509715800,224.72221902121052,225.78303885,224.72221902121052,225.350688355,59589730
1509978600,225.03645368810527,226.21975653,225.03645368810527,225.8638316225,49652598
1510065000,225.4501426553026,226.5254589,225.42493036,226.01886639749998,57502161
1510151400,225.73450452640128,226.41191231,225.47733648,225.99047975,50469579
1510237800,225.86249213820065,225.86249213820065,223.9138872,225.051536745,95085497
1510324200,225.45701444160034,225.60188836,224.7960569,225.23334231249999,59984662
1510583400,225.34517837705016,225.86164803,224.70871337,225.23714175499998,50228648
1510669800,225.29116006602507,225.29116006602507,224.05363685,224.8026076675,61315152
1510756200,225.04688386676253,225.04688386676253,223.27627939,224.0165158525,80811525
1510842600,224.53169985963126,226.25469394,224.53169985963126,225.48930254500002,67777027
1510929000,225.01050120231565,225.86007585,225.01050120231565,225.44200601999998,75756833
1511188200,225.2262536111578,225.80487474,225.22404023,225.52646722,48075514
1511274600,225.37636041557892,227.26787895,225.37636041557892,226.776571565,69176799
1511361000,226.07646599028948,227.22420719,226.07646599028948,226.97964528749998,45033392
1511533800,226.52805563889473,227.51244085,226.52805563889473,227.38142555,27746365
1511793000,226.95474059444734,227.7482684,226.95474059444734,227.3967106675,52274922
1511879400,227.17572563097366,229.62615441,227.17572563097366,228.6621001375,98971719
1511965800,227.91891288423682,230.26376222,227.91891288423682,229.617420055,77512102
1512052200,228.7681664696184,232.37747577,228.7681664696184,231.1306468025,127894389
1512138600,229.9494066360592,231.73113361,227.75700275,230.43189852249998,164390902
1512397800,230.19065257927957,233.03255229,230.19065257927957,231.75078590750002,94040560
1512484200,230.9707192433898,231.59138395,229.74843536,230.5454451175,77994544
1512570600,230.7580821804449,230.7580821804449,229.46020169,229.833595305,75898566
1512657000,230.29583874272242,230.9625105,229.66109182,230.265945805,77218569
1512743400,230.2808922738612,231.91455503,230.2808922738612,231.62195419,76563873
1513002600,230.95142323193062,232.66570944,230.95142323193062,232.27906144500002,83077533
1513089000,231.61524233846532,233.48673867,231.61524233846532,232.9921559025,85195750
1513175400,232.30369912048266,233.69636315,232.30369912048266,233.2116065325,102905409
1513261800,232.75765282649132,233.39939513,231.98442986,232.67662737749998,100666692
1513348200,232.71714010199565,234.43467564,232.71714010199565,233.60725397,144610290
1513607400,233.16219703599782,235.80420115,233.16219703599782,235.47059878250002,83676072
1513693800,234.3163979092489,235.74274808,234.3163979092489,235.11724363999997,82382876
1513780200,234.71682077462444,235.56716789,234.1274103,234.9087421625,76751500
1513866600,234.8127814685622,235.61545244,234.66292989,235.0590827025,67032339
1513953000,234.9359320855311,234.95702671,234.3117695,234.76059637,78720873
1514298600,234.84826422776555,234.84826422776555,234.29860099,234.5230583175,45244433
1514385000,234.68566127263279,235.04042731,234.40833861,234.71560395,57750986
1514471400,234.7006326113164,235.20722849,234.7006326113164,235.086517105,45116139
1514557800,234.89357485815822,235.7603061,234.08351525,234.96580572250002,96007424
1514903400,234.92969029032912,235.98856036,234.75071999,235.45743027,86655749
1514989800,235.19356028016455,237.59511914,235.19356028016455,236.8203715275,90070416
1515076200,236.00696590383228,238.92952861,236.00696590383228,238.243602635,80636408
1515162600,237.12528426941614,240.15858997,237.12528426941614,239.54405929249998,83523995
1515421800,238.33467178095805,240.6326565,238.33467178095805,240.17395324,57319192
1515508200,239.25431251047902,241.64224262,239.25431251047902,241.04329468,57253957
1515594600,240.1488035952395,240.91358481,239.59673335,240.3561176925,69574318
1515681000,240.25246064386977,242.40601646,240.25246064386977,241.76295399999998,62361455
1515767400,241.00770732193487,244.1530394,241.00770732193487,243.2953082025,90816076
1516113000,242.15150776221742,245.89128332,242.15150776221742,244.18596068250002,106555142
1516199400,243.16873422235872,245.85616728,243.15223229,244.64027443749998,113258799
1516285800,243.90450432992935,245.7771562,243.90450432992935,245.1889625475,100728006
1516372200,244.54673343871468,246.17221163,244.54673343871468,245.759598175,140920098
1516631400,245.15316580685734,248.17382585,245.15316580685734,247.05450211,91322408
1516717800,246.10383395842865,248.99027376,246.10383395842865,248.45036466,97084700
1516804200,247.27709930921432,249.93840681,247.27709930921432,248.8278620775,134816117
1516890600,248.05248069335715,249.56090939,247.92362407,248.914554795,84587313
1516977000,248.48351774417858,251.63143883,248.48351774417858,250.51310273,107743119
1517236200,249.4983102370893,251.45717549,249.4983102370893,250.53976897249999,90118337
1517322600,250.01903960479464,250.01903960479464,246.88331142,248.0763788425,131796419
1517409000,249.0477092236473,249.0477092236473,246.4092449,247.70195407749998,118948131
1517495400,248.37483165057364,248.49864921,246.4092449,247.21471904,90102470
1517581800,247.79477534528684,247.79477534528684,241.78270677,243.8743058375,173174790
1517841000,245.83454059139342,245.83454059139342,231.16010501,236.2738781725,294681820
1517927400,241.0542093819467,241.0542093819467,227.11298153,232.0884852875,355026780
1518013800,236.57134733472333,239.10510881,234.90874216,236.17950381999998,167376100
1518100200,236.37542557736165,236.37542557736165,226.13851145,230.7562705625,246449505
1518186600,233.56584806993084,233.56584806993084,222.03871391,227.99746675749998,283565310
1518445800,230.7816574137154,234.40833861,229.71543117,232.1706568175,143735976
1518532200,231.4761571156077,234.06595723,231.16010501,232.62181012750003,81223640
1518618600,232.04898362155387,237.03326251,232.02922697,234.4434546425,120735685
1518705000,233.24621913202694,239.70208147,233.24621913202694,238.4400988225,111200286
1518791400,235.84315897726347,241.70369569,235.84315897726347,239.89083018,160420135
1519137000,237.86699457863173,240.25515908,237.472213,238.70127436,86369662
1519223400,238.28413446931586,241.1769551,236.98058846,238.48399387,98883740
1519309800,238.38406416965793,239.71086048,236.71721816,237.95286378,110511290
1519396200,238.16846397482897,241.16817609,238.13063873,239.76792404,92766428
1519655400,238.96819400741447,244.0652493,238.96819400741447,242.9810416,86491406
1519741800,240.97461780370725,244.86413919,240.86091075,242.70011329,99099165
1519828200,241.83736554685362,242.46746953,238.16575477,240.283690865,121907767
1519914600,241.0605282059268,241.0605282059268,233.52165862,236.65576509500002,176855077
1520001000,238.85814665046342,238.85814665046342,232.48573548,234.71121444250002,139083217
1520260200,236.78468054648172,239.57039632,234.93507919,237.125442115,97307387
1520346600,236.95506133074088,240.00934681,236.95506133074088,239.392621375,79213163
1520433000,238.17384135287045,239.82498761,237.20884271,238.477409615,87063502
1520519400,238.32562548393523,240.75556264,238.32562548393523,240.173953245,66901150
1520605800,239.24978936446763,244.82024414,239.24978936446763,243.3497600125,113625335
1520861400,241.2997746884838,245.73326115,241.2997746884838,244.87074539250003,71924793
1520947800,243.0852600404919,246.17221163,242.32700538,244.275945535,91968937
1521034200,243.68060278774595,244.07402831,241.13306005,242.695723785,105895079
1521120600,243.18816328637297,243.18816328637297,240.92236382,241.84415983999997,83433038
1521207000,242.51616156318647,242.73323443,241.63146406,241.99945536500002,100343673
1521466200,242.25780846409324,242.25780846409324,236.76604609,239.26926837750003,109208442
1521552600,240.76353842079664,240.76353842079664,238.14105552,238.80652482250002,59757271
1521639000,239.78503162164833,240.86463188,238.14986968,239.0378966,78709578
1521725400,239.41146411082417,239.41146411082417,232.12979636,234.414868115,148785916
1521811800,236.91316611291208,236.91316611291208,227.25556423,230.2854327575,183534751
1522071000,233.59929943520604,233.9543281,228.64820198,231.83011481750003,141956102
1522157400,232.71470712635303,235.13542594,228.14579469,231.8962210425,129941445
1522243800,232.30546408442652,232.30546408442652,227.91662645,229.5648749325,146452306
1522330200,230.93516950846328,233.80448733,229.02624143,231.23271288749999,124244790
1522675800,231.08394119798163,231.92707061,224.47028873,228.687865715,186286343
1522762200,229.8859034564908,230.32289295,226.38296209,228.6812550925,119956861
1522848600,229.28357927449542,233.00680558,226.17142218,229.4469855025,123715339
1522935000,229.36528238849772,235.02084182,229.36528238849772,234.04908035,82652618
1523021400,231.70718136924887,233.67227488,227.405405,230.54545056249998,179521209
1523280600,231.12631596587443,233.43429248,229.11147439,230.74279967500001,105442932
1523367000,230.93455782043722,234.49199204,230.93455782043722,233.2315667325,105573736
1523453400,232.0830622764686,234.13942552,232.0830622764686,232.75119485,91140243
1523539800,232.41712856323431,235.33815169,232.41712856323431,234.291469835,68890480
1523626200,233.35429919911715,235.81411649,232.70271695,234.48097433499998,85079176
1523885400,233.91763676705858,236.39585125,233.91763676705858,235.470364135,63405287
1523971800,234.6940004510293,238.74923276,234.6940004510293,237.79289607749996,64682036
1524058200,236.24344826426463,239.12824177,236.24344826426463,238.47819725,57303857
1524144600,237.36082275713233,237.87663063,235.97277142,237.131833855,77655909
1524231000,237.24632830606618,237.24632830606618,234.11298303,235.7986917025,99953133
1524490200,236.5225100042831,236.5225100042831,233.88381479,235.133222395,65557954
1524576600,235.82786619964156,236.19859028,230.29645046,233.56787112249998,112885452
1524663000,234.69786866107077,234.69786866107077,229.91744145,231.70671653749997,103840948
1524749400,233.20229259928539,235.55427496,232.94951352,234.1559961475,67731942
1524835800,233.6791443733927,235.63783323,233.6791443733927,234.98558516999998,57053647
1525095000,234.33236477169635,236.12261219,233.0729118,234.4765672525,82182324
1525181400,234.40446601209817,234.40446601209817,231.02802599,232.707124035,74203365
1525267800,233.55579502354908,234.17468217,231.60094658,232.78204442,86368943
1525354200,233.16891972177456,233.16891972177456,228.33089211,230.77461879999998,136311479
1525440600,231.97176926088727,235.15234913,230.18186634,232.57914238749999,91222075
1525699800,232.2754558241936,236.23719631,232.2754558241936,235.32493044,55304907
1525786200,233.8001931320968,235.62461198,233.70753153,234.8743063575,67499247
1525872600,234.33724974479838,237.86340938,234.33724974479838,236.6900239325,59666143
1525959000,235.51363683864918,240.08898554,235.51363683864918,239.077560335,72063931
1526045400,237.29559858682458,240.75886192,237.29559858682458,240.1286492675,59871511
1526304600,238.71212392716228,241.57857908,238.71212392716228,240.79411857499997,54790606
1526391000,239.75312125108113,239.75312125108113,238.00884307,238.936533725,87036036
1526477400,239.34482748804055,240.41510957,238.96077267,239.57996762250002,53942631
1526563800,239.4623975552703,240.82937523,238.978401,239.81354294250002,56536400
1526650200,239.63797024888515,239.77167567,238.80211774,239.28469316500002,64367959
1526909400,239.4613317069426,241.49043745,239.17337028,240.56301122000002,58025875
1526995800,240.0121714634713,241.72841985,239.95677309,240.860224795,52966358
1527082200,240.43619812923566,240.97040183,238.85500272,239.9457553875,64694184
1527168600,240.1909767583678,240.82056106,238.6699053,240.12203864749998,76043827
1527255000,240.15650770293388,240.5032512,239.37503833,239.9082951925,56374755
1527600600,240.03240144771695,240.03240144771695,236.00802807,237.59898449,115908607
1527687000,238.81569296885846,240.72360527,238.35259543,239.44555163750002,69678449
1527773400,239.13062230317922,240.17712717,238.20716174,239.2681666075,93519941
1527859800,239.19939445533961,241.4551808,239.19939445533961,240.68834862,71258411
1528119000,239.9438715376698,242.55254409,239.9438715376698,242.14158373749999,45392351
1528205400,241.0427276375849,242.85663271,241.0427276375849,242.3586325025,51135038
1528291800,241.70068007004244,244.61065115,241.70068007004244,243.66753570749998,62732215
1528378200,242.68410788877122,245.28052753,242.68410788877122,244.57980157499998,72969402
1528464600,243.6319547318856,245.25408504,243.6319547318856,244.5820051175,72139719
1528723800,244.10697992469278,246.2412713,244.10697992469278,245.62427989,58892515
1528810200,244.86562990734637,246.20601465,244.86562990734637,245.79835961,72329028
1528896600,245.3319947586732,246.33822709,244.85744771,245.5846161575,79070610
1528983000,245.4583054580866,246.20601465,245.08652781,245.72341719000002,77097620
1529069400,245.59086132404332,245.69980306,243.78739784,244.9361690325,120143175
1529328600,245.26351517827166,245.26351517827166,243.43324872,244.29648719,52917581
1529415000,244.7800011841358,244.7800011841358,242.17601936,243.20747866,97531510
1529501400,243.9937399220679,245.00035856,243.9937399220679,244.48462890999997,53785486
1529587800,244.23918441603394,244.3451827,242.30882528,243.446529315,71061404
1529674200,243.84285686551698,244.172535,243.02597724,243.62692402,56612003
1529933400,243.73489044275848,243.73489044275848,238.2538179,240.63462959999998,137854162
1530019800,242.18476002137925,242.18476002137925,239.75009791,240.50930508,68683211
1530106200,241.34703255068962,242.47261924,238.32464772,240.08100599500003,105110674
1530192600,240.71401927284484,240.71401927284484,237.7137405,239.1436175525,76650517
1530279000,239.9288184126724,242.29111782,239.9288184126724,240.8677703875,97592499
1530538200,240.3982944000862,240.8568139,238.37777009,239.6372128825,63554774
1530624600,240.0177536412931,241.68906432,239.42250998,240.63768413499997,42187071
1530797400,240.32771888814653,241.86613888,239.90061129,241.13570633,56925919
1530883800,240.73171260907327,244.2212305,240.73171260907327,242.83894223250002,66493696
1531143000,241.78532742078664,246.09822082,241.78532742078664,245.4496852525,50550399
1531229400,243.61750633664332,247.02786225,243.61750633664332,246.6648594075,51966829
1531315800,245.14118287207165,246.16905064,244.823284,245.3744285625,77054739
1531402200,245.2578057172858,247.39971882,245.2578057172858,246.72683550000002,60124687
1531488600,245.9923206086429,247.84240522,245.9923206086429,247.31782184,48234964
1531747800,246.65507122432143,247.72996287,246.65507122432143,247.37824853249998,48201038
1531834200,247.0166598784107,248.71007055,246.49663858,247.5192441475,52315500
1531920600,247.26795201295533,248.94912121,247.26795201295533,248.53742286,44593465
1532007000,247.90268743647766,248.55955718,247.42628001,248.017266345,61412117
1532093400,247.95997689073883,248.32936025,247.46169492,247.77821569000002,82372729
1532352600,247.86909629036944,248.28509161,247.07213089,247.7140261625,47047565
1532439000,247.79156122643474,250.17093566,247.79156122643474,249.36303298749996,68026935
1532525400,248.57729710696736,251.77346041,248.57729710696736,250.3369430525,78882927
1532611800,249.45712007973367,251.54326348,249.45712007973367,250.94563684750003,57919495
1532698200,250.20137846361683,251.28650537,248.24082297,249.96951334749997,76783177
1532957400,250.0854459055584,250.0854459055584,247.33774273,248.45995274,63742508
1533043800,249.2726993227792,249.69283435,248.24082297,248.9092794275,68570493
1533130200,249.0909893751396,249.79022536,248.02080783,248.9405994925,53853326
1533216600,249.0157944338198,250.18864311,247.16066817,248.6835093675,63426363
1533303000,248.8496519006599,251.14280937,248.8496519006599,250.5865517775,53935386
1533562200,249.71810183907996,252.32239154,249.71810183907996,251.55023579250002,39400887
1533648600,250.63416881579,253.22547178,250.63416881579,252.82262716,43196646
1533735000,251.728397987895,253.1369345,251.728397987895,252.7075287,42114551
1533821400,252.2179633439475,253.19005687,252.2179633439475,252.6599399125,35716976
1533907800,252.43895162822375,252.43895162822375,249.9938611,250.7873764625,77076044
1534167000,251.61316404536188,251.61316404536188,249.47149115,250.44982808499998,65732909
1534253400,251.03149606518093,251.59638585,250.10302756,250.88660461749998,43842031
1534339800,250.95905034134046,250.95905034134046,248.04604096,249.42279564749998,102887320
1534426200,250.19092299442022,252.36666018,250.19092299442022,251.4148844275,69967919
1534512600,250.8029037109601,252.82714256,250.8029037109601,251.8487392275,65618481
1534771800,251.32582146923005,253.19005687,251.32582146923005,252.8336943225,39807490
1534858200,252.07975789586504,254.37645641,252.07975789586504,253.5737553025,67271983
1534944600,252.82675659918252,253.88950138,252.82675659918252,253.3018351875,44993333
1535031000,253.06429589334124,254.04886848,252.71195556,253.24539267,49204851
1535117400,253.15484428167062,254.69519062,253.15484428167062,254.1019908475,57487399
1535376600,253.6284175645853,256.66957194,253.6284175645853,256.14277512750004,57072377
1535463000,254.8855963460427,257.12775236,254.8855963460427,256.766409585,46943472
1535549400,255.82600296552135,258.29865787,255.82600296552135,257.48088329499996,61485514
1535635800,256.65344313026065,257.96221621,256.43052128,257.251704545,61229501
1535722200,256.9525738376303,257.47526118,256.12949454,256.8134450175,66140838
1536067800,256.8830094275652,256.9440375,255.58941713,256.4349481475,57594367
1536154200,256.6589787875326,256.6589787875326,254.88997263,255.86609613,72452437
1536240600,256.2625374587663,256.30656909,254.10199085,255.3857813925,65909863
1536327000,255.82415942563316,255.82415942563316,253.84523274,254.54246381000002,73524824
1536586200,255.18331161781657,255.90815134,254.8811189,255.376927665,50210903
1536672600,255.2801196414083,256.35969146,254.07985653,255.19653296,50530492
1536759000,255.23832630070416,256.58103466,255.19099938,255.9192184975,59810758
1536845400,255.5787723991021,257.67748032,255.5787723991021,257.24138995249996,51034222
1536931800,256.410081175801,257.88253266,256.410081175801,257.46862088,55079875
1537191000,256.9393510279005,257.51952982,255.89929761,256.7691763775,68244043
1537277400,256.8542637027002,258.15699823,256.35969146,257.11668519750003,61930407
1537363800,256.9854744501001,258.25438923,256.9854744501001,257.79952896,49080562
1537450200,257.39250170505005,260.24647801,257.39250170505005,259.28060270000003,100360646
1537536600,258.336552202525,260.78386962,258.336552202525,260.1679742875,105597145
1537795800,259.2522632450125,259.25413681,258.24913792,258.86058636,53409645
1537882200,259.0564248025063,259.38754374,258.34990463,258.9013421775,44370037
1537968600,258.9788834900031,259.91227767,257.39533356,258.462589015,79739674
1538055000,258.7207362525015,259.61878242,258.00900545,258.6115600875,59249455
1538141400,258.6661481700007,259.05847331,257.87559851,258.35141656999997,70091385
1538400600,258.50878237000035,260.52594955,258.50878237000035,259.643240355,62078937
1538487000,259.07601136250014,260.01455632,258.93396017,259.3908789125,47258227
1538573400,259.2334451375001,260.77497583,259.09404849,259.9189480175,64694594
1538659800,259.5761965775,259.5761965775,255.83891936,257.8133419475,111545910
1538746200,258.6947692625,258.6947692625,254.55821282,256.5859981775,105961360
1539005400,257.64038372000005,257.64038372000005,253.91785955,255.38311234749997,87742172
1539091800,256.51174803375,256.90617481,255.04737157,255.790003485,74338982
1539178200,256.150875759375,256.150875759375,247.14078743,251.23193332749997,214756170
1539264600,253.6914045434375,253.6914045434375,240.45265327,244.24808046750002,274840490
1539351000,248.96974250546876,248.96974250546876,242.24030615,245.06408619750002,183186492
1539610200,247.0169143514844,247.0169143514844,243.95680867,244.8661992475,102263717
1539696600,245.9415567994922,249.75556329,245.53101046,247.66774481000002,118255834
1539783000,246.8046508047461,250.04905854,246.8046508047461,248.93733411,110625987
1539869400,247.87099245737306,249.08852863,244.55269296,246.98959291,134557525
1539955800,247.43029268368653,248.40370638,244.99738273,246.39148516249998,139901634
1540215000,246.91088892309324,246.91088892309324,244.05464042,245.419838015,82415812
1540301400,246.1653634690466,246.1653634690466,238.89623907,241.920129515,146352719
1540387800,244.0427464920233,244.0427464920233,235.41876505,239.48989991,177806697
1540474200,241.76632320101163,241.76632320101163,236.77951575,239.1319246425,138061545
1540560600,240.4491239217558,241.02185617,233.27536035,236.6950246925,201574596
1540819800,238.5720743071279,240.35482152,231.10527427,236.29925080249998,160749101
1540906200,237.43566255481394,238.46044309,234.01354537,236.2814632075,157115995
1540992600,236.85856288115696,243.00517255,236.85856288115696,241.16193345,128296325
1541079000,239.01024816557847,243.44986233,239.01024816557847,242.18249648,99495037
1541165400,240.59637232278925,244.78393164,239.76783102,242.6805490225,122634107
1541428200,241.6384606726446,243.6988886,241.33313901,242.6205159025,65622482
1541514600,242.12948828757231,244.84618821,242.12948828757231,243.91011624,60085894
1541601000,243.01980226378618,250.00458956,243.01980226378618,248.30365118499998,102752099
1541687400,245.66172672439308,250.1113151,245.66172672439308,249.25973419,65584886
1541773800,247.46073045719652,248.35034361,245.62884221,247.29420539999998,98812561
1542033000,247.37746792859826,247.37746792859826,241.90234192,244.4037218875,99673574
1542119400,245.89059490804914,245.89059490804914,241.24420106,242.7394704175,98176610
1542205800,244.31503266277457,244.31503266277457,238.75393834,241.78227568249997,125335931
1542292200,243.04865417263727,243.28088021,237.47340967,240.65503157999999,135101437
1542378600,241.85184287631864,244.35702946,241.20862588,242.68499591999998,126668040
1542637800,242.26841939815932,243.13857949,238.41597411,240.93291821999998,103061706
1542724200,241.60066880907965,241.60066880907965,234.04022676,235.6033113075,136021311
1542810600,238.60199005828983,238.60199005828983,235.69447271,236.3615073675,75563743
1542983400,237.4817487128949,237.4817487128949,233.9690764,234.4234159375,42807878
1543242600,235.95258232519745,238.13137266,235.95258232519745,237.1019158375,79981362
1543329000,236.5272490813487,238.70946936,236.27256941,237.64221390749998,75502441
1543415400,237.08473149442435,244.20583494,237.08473149442435,241.70827930499996,127629633
1543501800,239.39650539971217,245.06853309,239.39650539971217,243.61662099,82346420
1543588200,241.50656319485608,245.71778016,241.50656319485608,244.3992749875,98204190
1543847400,242.95291909117805,249.38202388,242.95291909117805,248.4670746725,103017719
1543933800,245.709996881839,248.00348559,240.04353868,243.99460729999998,177986013
1544106600,244.8523020909195,244.8523020909195,233.40876728,237.50213662750002,204185411
1544193000,241.17721935920974,241.21751967,233.5777494,237.21531173,161018923
1544452200,239.19626554460487,239.19626554460487,230.01133743,233.7336798675,151445885
1544538600,236.46497270605244,238.2380982,233.44434247,236.16139697000003,121504431
1544625000,236.31318483802625,239.24309709,236.01464935,237.308696585,97976706
1544711400,236.81094071151313,237.90013398,234.90292492,236.4637860175,96662717
1544797800,236.63736336450657,236.63736336450657,231.10527427,232.8640223175,116961071
1545057000,234.75069284100329,234.75069284100329,225.47994866,228.7784350375,165492257
1545143400,231.76456393925164,231.76456393925164,225.26205067,227.572214035,134515094
1545229800,229.6683889871258,230.70505347,221.76678907,225.720081135,214992763
1545316200,227.6942350610629,227.6942350610629,217.58670521,220.8551750325,252053377
1545402600,224.27470504678143,224.27470504678143,214.68004854,218.5289564025,255345633
1545661800,221.40183072464072,221.40183072464072,209.57202672,212.12279479749998,147311588
1545834600,216.76231276107035,220.22641199,209.1157936,215.1653553425,218485360
1545921000,215.96383405178517,222.11396472,213.7675823,218.69892560999997,186267342
1546007400,217.33137983089256,224.89609219,217.33137983089256,222.56572496500002,153100189
1546266600,219.9485523979463,223.81365674,219.9485523979463,223.0040665925,144299370
1546439400,221.47630949522315,224.72612299,220.0206598,222.14974770499998,126925199
1546525800,221.81302860011158,222.36444565,217.98102937,220.2174662475,144140692
1546612200,221.0152474238058,226.42581501,221.0152474238058,223.7018348975,142628834
1546871400,222.3585411606529,228.9664073,222.3585411606529,226.93348618250002,103139100
1546957800,224.64601367157644,230.18302896,224.64601367157644,229.2124153575,102512587
1547044200,226.92921451453822,231.61434856,226.92921451453822,230.4938936875,95006554
1547130600,228.7115541010191,231.83799225,228.56384866,230.308269425,96823923
1547217000,229.50991176300954,231.70362712,229.50991176300954,230.9567913925,73858110
1547476200,230.23335157775477,231.06865796,229.37791169,230.122645165,70908227
1547562600,230.17799837137738,233.21563737,230.17799837137738,231.8469379975,85208271
1547649000,231.0124681844387,234.34870574,231.0124681844387,233.5682340025,77636710
1547735400,232.29035109346933,236.09616806,232.29035109346933,234.12139430000002,96118435
1547821800,233.20587269673467,238.8335668,233.20587269673467,237.3794355425,127900303
1548167400,235.29265411961734,237.11598328,233.53768428,235.6757179325,115531183
1548253800,235.48418602605867,236.87444809,233.17985438,235.4677293,86030287
1548340200,235.47595766302933,236.34664899,234.45015052,235.505748725,59204139
1548426600,235.49085319401468,238.58308587,235.49085319401468,237.453573425,96883358
1548685800,236.47221330950734,236.47221330950734,234.19072384,235.4453649275,85613655
1548772200,235.95878911850366,236.65975015,234.80798042,235.8009583925,66136334
1548858600,235.87987375550182,240.21121191,235.87987375550182,238.28116688999998,92473671
1548945000,237.08052032275089,241.95563267,237.08052032275089,240.45721996499998,104012073
1549031400,238.76887014387543,242.60867224,238.76887014387543,241.6671323175,85782524
1549290600,240.21800123068772,243.35116928,240.21800123068772,242.3089896975,60744844
1549377000,241.26349546409386,244.61251968,241.26349546409386,243.9639529875,79552774
1549463400,242.61372422579694,244.52306221,242.61372422579694,243.94829792999997,58347791
1549549800,243.28101107789846,243.28101107789846,240.00545972,241.740934735,95481961
1549636200,242.51097290644924,242.51097290644924,239.59395533,241.005147,75788861
1549895400,241.75805995322463,242.86809892,241.56201978,242.2821524575,68021423
1549981800,242.0201062053623,245.57866041,242.0201062053623,244.5275350825,72270221
1550068200,243.27382064393117,246.84001081,243.27382064393117,246.122114575,65277204
1550154600,244.6979676094656,246.58058413,244.10261207,245.2633228125,83234396
1550241000,244.9806452109828,248.16398144,244.9806452109828,247.6339459,97088659
1550586600,246.3072955554914,249.2106339,246.3072955554914,248.10612482000002,59120804
1550673000,247.20671018774573,249.51478931,247.20671018774573,248.77900158,76610767
1550759400,247.99285588387286,248.78123802,247.21125933,248.147208165,64214727
1550845800,248.07003202443644,249.9084022,248.07003202443644,249.1419529225,78114616
1551105000,248.60599247346823,251.65282297,248.60599247346823,250.70233729499998,69030699
1551191400,249.6541648842341,250.74930247,249.49689782,249.9553673775,56844101
1551277800,249.80476613086705,250.1141544,248.22660167,249.31574643,56921570
1551364200,249.56025628043352,249.98891393,248.97804446,249.454405515,69268293
1551450600,249.50733089771677,251.26815582,249.42533184,250.6061705075,78880548
1551709800,250.05675070260838,252.15378483,247.65407383,250.4160733725,106494637
1551796200,250.2364120375542,250.2662321,249.05855619,249.74961518499998,59114559
1551882600,249.9930136112771,249.9930136112771,247.77036855,248.82820319249998,75039771
1551969000,249.41060840188854,249.41060840188854,245.17610177,246.6566229875,94885089
1552055400,248.03361569469428,248.03361569469428,243.70005344,244.7713067025,85795799
1552311000,246.40246119859714,249.24641689,246.21380849,247.696566135,65098897
1552397400,247.0495136667986,250.54355028,247.0495136667986,249.915111515,79667530
1552483800,248.4823125908993,252.61001795,248.4823125908993,251.48732663750002,80639153
1552570200,249.98481961419967,252.12694758,249.98481961419967,251.60724438,67518366
1552656600,250.79603199709982,253.5700554,250.79603199709982,252.57045692,81308979
1552915800,251.6832444585499,253.97438737,251.6832444585499,253.34542652749997,62199806
1553002200,252.51433549302493,255.50186369,252.51433549302493,254.2080013925,90268121
1553088600,253.36116844276245,254.72914037,251.87186113,253.27579157500003,84609210
1553175000,253.31848000888124,256.23864639,252.11446031,254.08670180000001,79550375
1553261400,253.70259090444063,255.00174997,250.84755347,252.80932725999998,122659286
1553520600,253.2559590822203,253.2559590822203,249.46383962,250.62636142250003,85575197
1553607000,251.94116025236016,253.54309993,251.18898936,252.4491573275,68125920
1553693400,252.19515878993008,253.16572343,249.72440912,251.685419165,72224722
1553779800,251.94028897746506,252.67153991,250.74871677,251.88533886,56238545
1553866200,251.91281391873252,254.13612015,251.91281391873252,253.57230168499999,82186806
1554125400,252.74255780186627,257.11919157,252.74255780186627,256.321759075,77617945
1554211800,254.53215843843313,257.18208765,254.53215843843313,256.8249277475,40070351
1554298200,255.67854309296655,258.55681635,255.67854309296655,257.7054729225,68243202
1554384600,256.6920080077333,258.28636319,256.6920080077333,257.7456814925,48997505
1554471000,257.21884475011666,259.33852482,257.21884475011666,258.93419285,58621729
1554730200,258.07651880005835,259.59010916,258.07651880005835,259.035275845,53566335
1554816600,258.5558973225292,258.8443413,257.60438993,258.280522835,66142316
1554903000,258.41821007876456,259.12279125,258.15248438,258.71852667,52601499
1554989400,258.5683683743823,259.52721307,258.39328653,259.09996896000007,55093100
1555075800,258.8341686671912,260.99179331,258.8341686671912,260.3203776175,69727782
1555335000,259.5772731423456,260.88397146,259.5772731423456,260.4875014975,49596685
1555421400,260.0323873199228,261.47699168,260.0323873199228,260.9333898075,52153197
1555507800,260.4828885637114,261.8498756,259.66199039,260.85364655750004,58268295
1555594200,260.6682675606057,260.85701599,259.36548028,260.36732505,68708513
1555939800,260.51779630530285,260.96034527,259.73387163,260.332507575,40160140
1556026200,260.4251519401514,263.39082966,260.4251519401514,262.1688486025,52246633
1556112600,261.2970002713257,263.40879997,261.2970002713257,262.8719369675,50392914
1556199000,262.08446861941286,263.06736409,261.22540734,262.29464077,57770862
1556285400,262.18955469470643,263.70531008,261.68374009,262.8697131425,50916423
1556544600,262.5296339186032,264.56788495,262.5296339186032,263.9928350375,57197747
1556631000,263.2612344780516,264.46904825,262.29464077,263.66263059749997,81112081
1556717400,263.4619325377758,265.01714269,262.18681891,263.55256245,71671870
1556803800,263.5072474938879,263.5072474938879,260.1382036,261.71060570249995,65030170
1556890200,262.60892659819393,264.46904825,261.73738146,263.3750607175,56543653
1557149400,262.99199365784693,263.5435773,259.581124,261.53090260749997,107198069
1557235800,262.2614481326734,262.2614481326734,256.80471115,259.3789580175,144729908
1557322200,260.82020307508674,260.82020307508674,257.75713756,258.6286975825,91568287
1557408600,259.7244503287934,259.7244503287934,254.54943728,256.6429783625,103471104
1557495000,258.1837143456467,259.61706462,253.65092179,257.1910728075,112429293
1557754200,257.68739357657336,257.68739357657336,251.52144009,253.0893496125,127290527
1557840600,255.3883715945367,256.16676515,253.24658982,254.35625644750002,77003230
1557927000,254.87231402101835,256.76877053,252.80631723,254.67972202249996,73956407
1558013400,254.77601802175917,259.8596638,254.77601802175917,257.9885053,76749643
1558099800,256.3822616608796,259.31156935,256.18536442,257.1328265375,100353024
1558359000,256.7575440991898,256.7575440991898,254.38770449,255.304190285,62877610
1558445400,256.0308671920949,257.81104849,256.0308671920949,257.159624765,46847085
1558531800,256.59524597854744,257.59540478,256.16676515,256.721598465,49482472
1558618200,256.6584222217737,256.6584222217737,252.09649,253.623966325,98733847
1558704600,255.14119427338687,255.35810122,253.46223354,254.4618320175,55268095
1559050200,254.80151314544344,255.31317544,251.70114319,253.27354529000002,70029356
1559136600,254.03752921772173,254.03752921772173,248.62822022,250.0680912875,104972927
1559223000,252.05281025261087,252.05281025261087,249.61209468,250.6824512525,62523780
1559309400,251.36763075255544,251.36763075255544,247.30740246,247.9520873175,86862782
1559568600,249.65985903502772,249.65985903502772,245.37559416,246.9844086025,96427952
1559655000,248.32213381876386,252.1953267,248.32213381876386,250.44996037,77231889
1559741400,249.38604709438192,254.27089748,249.38604709438192,253.51614446999997,71169717
1559827800,251.45109578219095,256.57109712,251.45109578219095,255.22557018,69430381
1559914200,253.33833298109548,259.53619823,253.33833298109548,257.91213148500003,74272199
1560173400,255.62523223304777,261.30627373,255.62523223304777,260.127735895,60799053
1560259800,257.8764840640239,261.82741272,257.8764840640239,260.45055005,58641325
1560346200,259.163517057012,259.90458958,258.6062347,259.24530383749993,47096312
1560432600,259.20441044725595,260.55152073,259.20441044725595,260.02588916499997,48945156
1560519000,259.615149806128,260.50659495,259.14085141,259.86415638,52324716
1560778200,259.739653093064,260.76716444,259.739653093064,260.185375665,39205709
1560864600,259.962514379032,263.77719132,259.962514379032,262.4451421125,85434823
1560951000,261.203828245766,263.84907256,261.203828245766,262.9797588275,78674377
1561037400,262.09179353663296,266.23849479,262.09179353663296,265.361903085,116570017
1561123800,263.7268483108165,266.8204165,263.7268483108165,265.7662988925,83309466
1561383000,264.74657360165827,265.97170511,264.74657360165827,265.4299744275,47582730
1561469400,265.08827401457916,265.20425331,262.41434032,263.8296117175,82028656
1561555800,264.4589428660396,264.4589428660396,262.14798941,262.9368847075,51584902
1561642200,263.6979137867698,263.6979137867698,262.64006144,263.13664789250004,40355239
1561728600,263.41728083963494,265.04173411,263.41728083963494,264.3510274975,59350929
1561987800,263.8841541685675,268.08445475,263.8841541685675,267.16125538750003,79107474
1562074200,265.52270477803376,267.69621443,265.52270477803376,267.07548136,61504544
1562160600,266.29909306901686,269.79993523,266.29909306901686,269.01894016999995,40898896
1562333400,267.6590166195084,269.63741603,267.26282989,268.7322743525,51677326
1562592600,268.1956454860042,269.29242387,267.45243563,268.2261850375,45841772
1562679000,268.2109152617521,268.62618543,266.78430112,267.644298575,41101279
1562765400,267.92760691837606,270.55835818,267.92760691837606,269.60581507,58595558
1562851800,268.76671099418803,270.48612742,268.76671099418803,270.05500008999996,50889481
1562938200,269.410855542094,271.52444455,269.410855542094,271.0323725225,40354410
1563197400,270.221614032297,271.88559834,270.221614032297,271.587646465,33910261
1563283800,270.90463024864846,271.65987722,270.3597236,271.018829255,40567964
1563370200,270.96172975182424,270.96172975182424,268.82482001,269.772848695,44102443
1563456600,270.3672892234121,270.3672892234121,267.88582017,269.0527983375,51701687
1563543000,269.7100437804561,270.92854081,268.12057013,269.56518527,71081238
1563802200,269.63761452522806,269.63761452522806,268.19280089,268.84513490999996,43687404
1563888600,269.241374717614,270.89242543,269.241374717614,270.28297841750003,44657973
1563975000,269.76217656755705,272.16549252,269.76217656755705,271.1271753875,47213232
1564061400,270.4446759775285,271.76822336,270.06177172,271.1023460675,55394092
1564147800,270.77351102251424,272.87877125,270.77351102251424,272.1338915675,45084077
1564407000,271.45370129500714,272.60790591,271.45370129500714,272.246752125,38126462
1564493400,271.85022671000354,271.92171372,270.40486782,271.156519135,45849045
1564579800,271.50337292250174,271.94880025,266.53149347,269.696103515,104245162
1564666200,270.5997382187509,271.65084838,265.41191674,267.99190909249995,142646576
1564752600,269.29582365562544,269.29582365562544,262.64909028,264.43002988499995,116749695
1565011800,266.8629267703127,266.8629267703127,254.36061091,257.7373988025,178745449
1565098200,262.30016278640636,262.30016278640636,256.67199514,258.68317028,120711682
1565184600,260.4916665332032,260.7710906,254.64953394,258.05115115499996,140572265
1565271000,259.2714088441016,265.10493602,259.2714088441016,263.161477215,87713904
1565357400,261.21644302955076,264.76183993,261.21644302955076,263.4368569775,93729958
1565616600,262.3266500035254,263.28580441,259.14589857,261.08150228,65527632
1565703000,261.7040761417627,265.58346479,259.45287928,262.24279227499994,94792972
1565789400,261.9734342083813,261.9734342083813,256.20249522,258.3310453375,135622053
1565875800,260.1522397729407,260.1522397729407,254.9655435,256.77131242999997,101929845
1565962200,258.4617761014703,261.23156168,257.06366642,259.4379365475,85825286
1566221400,258.94985632448515,264.61737841,258.94985632448515,263.8770131525,53640153
1566307800,261.4134347384926,263.9673016,261.4134347384926,262.77775132,51652752
1566394200,262.0955930292463,264.41874383,262.0955930292463,263.983102075,49723430
1566480600,263.0393475521231,265.38483021,262.19764805,264.075647735,51739292
1566567000,263.55749764356153,264.32845538,255.94065872,260.03072533750003,149318151
1566826200,261.7941114905308,261.7941114905308,257.84574494,259.31970382500003,72620598
1566912600,260.5569076577654,261.79135004,258.25204295,260.118756575,68262998
1566999000,260.33783211638274,260.99681172,257.54779307,259.432564385,59852324
1567085400,259.88519825069136,264.68960917,259.88519825069136,263.65806367,57998913
1567171800,261.77163096034565,265.6646341,261.77163096034565,264.61961305,62961780
1567517400,263.1956220051728,263.26305172,261.17738861,262.3240518775,69252354
1567603800,262.7598369413364,265.49769076,262.7598369413364,264.89388678,47003957
1567690200,263.8268618606682,269.80896407,263.8268618606682,268.62618542750005,83356779
1567776600,266.2265236440841,269.74576216,266.2265236440841,269.14985841500004,49584290
1568035800,267.68819102954205,270.1791467,267.68819102954205,269.45232470999997,51260290
1568122200,268.570257869771,269.24014686,267.22671451,268.5313825575,57947101
1568208600,268.5508202136355,271.17231961,268.5508202136355,270.14528853499996,68821066
1568295000,269.3480543743177,273.08643468,269.3480543743177,272.0864901325,72908745
1568381400,270.71727225340885,272.82459818,270.71727225340885,272.1564636775,62104838
1568640600,271.43686796545444,271.89264084,270.36875244,270.9980177675,58191175
1568727000,271.2174428664772,271.78628105,270.63961778,271.233264315,42904427
1568813400,271.22535359073856,271.96685794,269.27626224,271.1023460675,74192091
1568899800,271.1638498291193,273.23992503,271.1638498291193,272.20844725,78099215
1568986200,271.68614853955967,272.72357814,269.76658588,271.37206940749996,97455979
1569245400,271.5291089735298,271.5291089735298,269.63959848,270.3085499525,47541321
1569331800,270.9188294630149,271.97072428,267.40824849,269.8323472075,97367568
1569418200,270.3755883352575,270.40152287,266.97286312,268.94570305499997,73434081
1569504600,269.6606456951287,270.17475966,267.98876231,269.38108841999997,58722357
1569591000,269.5208670575644,270.25321973,266.3923493,268.68413169,84781110
1569850200,269.10249937378217,269.89357328,268.41507714,268.988788065,52562761
1569936600,269.0456437193911,270.7144561,265.76648284,268.132756945,89900420
1570023000,268.58920033219556,268.58920033219556,259.99762676,262.5260365625,124523974
1570109400,265.55761844734775,265.55761844734775,258.34679059,261.571363445,85906799
1570195800,263.56449094617386,267.24497898,263.56449094617386,265.52611384249997,66700681
1570455000,264.5453023943369,267.81642227,264.5453023943369,266.3515319275,60656561
1570541400,265.44841716091844,265.44841716091844,261.67567452,263.024915625,101575470
1570627800,264.23666639295925,265.13154585,261.82615459,263.72014895250004,65707329
1570714200,263.97840767272965,266.86401678,263.95237716,265.2290540325,57255974
1570800600,264.60373085261483,270.97296616,264.60373085261483,269.2665276475,101228577
1571059800,266.93512925005746,269.09536677,266.93512925005746,268.514852955,40546668
1571146200,267.72499110252875,271.84373689,267.72499110252875,270.449143145,47832356
1571232600,269.08706712376437,271.35392835,269.08706712376437,270.721258995,50563596
1571319000,269.9041630593822,272.33354542,269.9041630593822,271.5976988025,46784885
1571405400,270.7509309309411,271.56708577,269.38562368,270.53871461,64338028
1571664600,270.64482277047057,272.30633384,270.64482277047057,271.78817990000005,39460901
1571751000,271.2165013352353,272.9322003,271.12716514,271.979794815,49126038
1571837400,271.59814807511765,272.06142957,270.75073821,271.44576745250004,34991829
1571923800,271.5219577638088,273.08639928,271.5219577638088,272.5263168275,35857459
1572010200,272.02413729565444,274.11136899,271.82614006,272.846166335,45205412
1572269400,272.43515181532723,275.60800618,272.43515181532723,275.0637744775,42146965
1572355800,273.74946314641363,275.95268626,273.74946314641363,275.13180344,44284921
1572442200,274.4406332932068,276.24294317,273.9208879,275.3154816425,49643928
1572528600,274.8780574678534,275.86198098,273.68505416,275.1363387075,69053791
1572615000,275.00719808767667,277.73050983,275.00719808767667,277.1023757375,71141515
1572877800,276.0547869125883,279.37227548,276.0547869125883,278.959566435,60606916
1572964200,277.50717667379416,279.29925773,277.50717667379416,278.7485632675,43033885
1573050600,278.1278699706471,278.82804377,277.61259297,278.37224971999996,46487108
1573137000,278.25005984532356,280.86891267,278.25005984532356,279.8394076925,54272274
1573223400,279.0447337689118,280.28259371,278.49243422,279.5476994975,49068797
1573482600,279.29621663320586,279.86208401,278.7101269,279.27703492750004,35934909
1573569000,279.28662578035295,281.17731064,279.28662578035295,280.25438437,46484624
1573655400,279.7705050751765,280.76913686,279.06387751,279.873422175,54459018
1573741800,279.82196362508824,280.85984214,279.45391024,280.2952017475,52001874
1573828200,280.05858268629413,282.85535839,280.05858268629413,282.299788525,62706192
1574087400,281.17918560564704,283.25446165,281.17918560564704,282.74197678999997,49327980
1574173800,281.9605811978235,283.62635331,281.9605811978235,283.1184037175,67927818
1574260200,282.5394924576617,282.86442892,280.33375149,281.857600265,79696276
1574346600,282.19854636133084,282.19854636133084,280.63307893,281.5401317725,54664690
1574433000,281.8693390669154,282.31112669,281.05032324,281.898417645,44850228
1574692200,281.8838783559577,284.24314924,281.8838783559577,283.612747515,48762676
1574778600,282.74831293547885,285.06856733,282.74831293547885,284.5492795775,37727953
1574865000,283.6487962564894,286.15703074,283.6487962564894,285.708039585,44793179
1575037800,284.67841792074466,285.83956225,284.67841792074466,285.3497537125,36592740
1575297000,285.01408581662236,285.41324741,282.24763299,283.921145485,76110027
1575383400,284.4676156508112,284.4676156508112,278.58313951,280.0457622175,75172709
1575469800,282.2566889341556,283.10933319,281.47663807,282.22949193,49190402
1575556200,282.2430904320778,283.22725006,281.71247181,282.791864695,40781669
1575642600,282.51747756353893,286.00283176,282.51747756353893,285.361091875,48956767
1575901800,283.9392847192695,285.88491489,283.9392847192695,285.1093847075,34904315
1575988200,284.52433471338475,285.3134716,283.73519965,284.5220679925,53109165
1576074600,284.52320135294235,285.44952952,284.30600801,284.948224095,53521450
1576161000,284.7357127239712,288.43373338,284.7357127239712,286.5652045225,96585802
1576247400,285.6504586232356,289.05052931,285.6504586232356,287.7353026875,81546487
1576506600,286.6928806553678,290.39296752,286.6928806553678,289.8124536975,82836128
1576593000,288.2526671764339,290.4836728,288.2526671764339,290.080034285,61131769
1576679400,289.16635073071694,290.4836728,289.16635073071694,290.114048765,48199955
1576765800,289.64019974785845,291.14582137,289.64019974785845,290.53006855250004,85388424
1576852200,290.0851341501792,293.48346945,290.0851341501792,292.265392665,149338215
1577111400,291.17526340758957,293.18795713,291.17526340758957,292.94184879,53015641
1577197800,292.0585560987948,293.06946052,292.0585560987948,292.85069755,20270007
1577370600,292.4546268243974,294.37292323,292.4546268243974,293.7758826175,31024188
1577457000,293.11525472094866,295.14770875,293.11525472094866,294.57345595,42554820
1577716200,293.84435533547435,294.50965008,292.18529351,293.434065475,49782730
1577802600,293.6392104052372,293.6392104052372,291.82068856,292.7481524075,57106998
1577975400,293.19368140636857,296.14125724,293.19368140636857,295.29127195,59253833
1578061800,294.2424766781843,295.00186677,292.68662532,293.577628675,77783566
1578321000,293.91005267659216,295.08390288,292.01210616,293.55711964499994,55761948
1578407400,293.73358616079605,294.91071553,293.72574944,294.31139614000006,42854811
1578493800,294.0224911503981,296.95250326,294.0224911503981,295.29355073000005,68434153
1578580200,294.6580209401991,297.81844002,294.6580209401991,297.394586765,48569601
1578666600,296.02630385259954,298.48384406,296.02630385259954,297.5312908375,53057389
1578925800,296.7787973450498,298.93960025,296.7787973450498,298.1146815475,47262010
1579012200,297.44673944627493,299.54119842,297.44673944627493,298.60780974749997,63036384
1579098600,298.0272745968874,299.90580337,298.0272745968874,298.93504269,72056598
1579185000,298.4811586434437,301.6376769,298.4811586434437,301.0246848224999,54050328
1579271400,299.7529217329718,302.7861825,299.7529217329718,302.3221999075,95846017
1579617000,301.0375608202359,302.7861825,301.0375608202359,301.98405160249996,77742415
1579703400,301.51080621136794,303.48804703,301.51080621136794,302.55374684000003,48914899
1579789800,302.032276525684,302.77542665,300.2612932,301.69423624,52004140
1579876200,301.863256382842,303.10521183,298.39269282,301.0497514125,87578442
1580135400,301.456503897671,301.456503897671,294.10858464,294.94489724749997,84062463
1580221800,298.20070057258545,298.83933389,294.96887002,297.01717506499995,63833953
1580308200,297.6089378187927,299.55031355,297.51764094,298.5271409,54040889
1580394600,298.0680393593964,298.89402463,294.91071553,297.0368181575,75491844
1580481000,297.5524287584482,298.21950547,292.34936574,295.473574425,113845576
1580740200,296.5130015917241,297.29887797,294.61903157,295.5237076075,69242293
1580826600,296.01835459961205,300.80820063,296.01835459961205,299.6277920975,62573190
1580913000,297.823073348556,303.61565876,297.823073348556,302.8249217725,65951146
1580999400,300.323997560528,304.61832238,300.323997560528,304.18991156000004,50359688
1581085800,302.25695456026403,304.43975711,302.25695456026403,303.2178063975,64139443
1581345000,302.737380478882,305.12876931,301.88378524,303.499440935,42070006
1581431400,303.118410706941,307.19790242,303.118410706941,306.06853858,54864533
1581517800,304.5934746434705,307.77215522,304.5934746434705,307.2548719425,43992662
1581604200,305.92417329298524,308.20056604,305.86709434,306.86112138,54501922
1581690600,306.3926473364926,307.84507621,306.3926473364926,307.41666539,64582210
1582036200,306.9046563632463,307.78828899,305.54806501,306.7507372325,57342526
1582122600,306.82769679787316,309.07561792,306.82769679787316,308.248420435,48814692
1582209000,307.5380586164366,308.67455247,304.15500064,306.9549843675,74163362
1582295400,307.24652149196834,307.24652149196834,303.15078745,304.7504916775,113788208
1582554600,305.9985065847342,305.9985065847342,292.81423706,294.5666196075,161088409
1582641000,300.2825630961171,300.2825630961171,284.10929382,290.0637484475,218913168
1582727400,295.1731557718085,295.1731557718085,283.20689657,285.8707915,194773819
1582813800,290.52197363590426,290.52197363590426,271.18404827,276.19820950999997,284353460
1582900200,283.3600915729521,283.3600915729521,260.27324508,266.25094327,385764020
1583159400,274.80551742147605,281.8031675,268.40393551,275.942142895,238703625
1583245800,275.37383015823804,286.06904544,271.23873901,278.2733358075,300139150
1583332200,276.823582982869,285.39452628,276.48905032,281.52287744499995,176613448
1583418600,279.1732302139345,281.17422396,273.46282922,277.08153337,186366809
1583505000,278.12738179196725,278.12738179196725,264.54823814,268.8095585175,228667168
1583760600,273.4684701547336,273.4684701547336,249.2530604,252.29979053,309417350
1583847000,262.8841303423668,262.98955197,249.29863602,258.659868165,276444060
1583933400,260.77199925368336,260.77199925368336,246.91047358,252.46158398,256416563
1584019800,256.6167916168417,256.6167916168417,225.76338636,232.082445935,392220670
1584106200,244.34961877592085,247.45318805,226.53242935,239.8209809525,329566100
1584365400,242.0852998642104,242.0852998642104,216.35657859,222.2472273525,297240030
1584451800,232.16626360835522,233.50212647,216.09224,225.84542247500002,262070471
1584538200,229.00584304167762,229.00584304167762,207.84305296,217.0857884975,327597130
1584624600,223.0458157695888,225.48993265,211.67140496,218.61712929750001,289322040
1584711000,220.8314725335444,224.14736676,209.50494255,216.45023769,347158790
1584970200,218.6408551117722,218.6408551117722,200.11618714,206.08577146,326025170
1585056600,212.36331328588608,223.80812462,212.36331328588608,219.01059896750002,235494475
1585143000,215.68695612669305,235.03979003,215.68695612669305,226.41203725500003,299430255
1585229400,221.04949669084652,240.9536057,221.04949669084652,234.39110405,257632816
1585315800,227.72030037042327,239.12903311,227.72030037042327,233.46964905,224341217
1585575000,230.59497471021163,240.61436356,230.59497471021163,236.852901735,170961866
1585661400,233.7239382226058,241.43954714,233.7239382226058,237.895842095,194881060
1585747800,235.8098901588029,236.2400654,223.62475049,228.2295270175,189554623
1585834200,232.01970858815145,232.01970858815145,224.25739124,227.90882858499998,177660430
1585920600,229.9642685865757,232.26167198,224.83501975,228.6423251025,135561171
1586179800,229.30329684453784,244.80446241,227.53960478,237.8980884275,188061238
1586266200,233.60069263601892,252.16693369,233.60069263601892,247.38545327750003,201427189
1586352600,240.49307295675948,253.05629822,240.49307295675948,248.298702285,153774487
1586439000,244.39588762087973,257.82402558,244.39588762087973,254.99318746,190282705
1586784600,249.69453754043985,254.4407729,248.84786196,252.53368195500002,115139268
1586871000,251.11410974771994,261.21644697,251.11410974771994,257.9112658225,134143350
1586957400,254.51268778510996,256.04529653,252.56118807,254.443065075,121775006
1587043800,254.47787643005498,256.75128692,252.83624927,255.3576435425,131798325
1587130200,254.91775998627747,263.41693652,254.91775998627747,261.70238840999997,146684784
1587389400,258.31007419813875,262.95043273,257.96155618,259.55260180749997,100224647
1587475800,258.93133800281936,258.93133800281936,249.40715305,252.10046057250003,126385698
1587562200,255.5158992876597,257.64065145,253.89065051,255.660210855,93524584
1587648600,255.58805507132985,260.33625115,255.5776925,257.24181272000004,104709693
1587735000,256.41493389566494,260.11620219,255.34847484,258.0761650075,85165953
1587994200,257.24554945158246,264.30630104,257.24554945158246,262.4679754,77896608
1588080600,259.8567624257912,267.17610617,259.8567624257912,264.414033345,105283871
1588167000,262.1353978853956,270.36681601,262.1353978853956,268.19154040499996,118745579
1588253400,265.1634691451978,268.9400736,264.59969965,266.8331736225,122901701
1588339800,265.99832138384886,266.49505465,258.11742419,261.37167317,125180028
1588599000,263.68499727692443,263.68499727692443,255.92610334,258.4062384375,80873213
1588685400,261.0456178572122,265.20483428,260.12848826,262.6360836325,79569938
1588771800,261.8408507448561,264.48050647,260.18955185,262.3464900425,73632628
1588858200,262.09367039367805,265.69077572,262.09367039367805,264.136679975,75250412
1588944600,263.115175184339,268.59725567,263.115175184339,267.3457272375,76622128
1589203800,265.2304512109195,269.55996984,265.2304512109195,267.43282994500004,79514231
1589290200,266.3316405779598,269.7800188,262.70177741,266.17213280749996,95870786
1589376600,266.25188669272984,266.25188669272984,255.77481969,259.8904228,144721099
1589463000,263.0711547463649,263.0711547463649,253.39554036,257.961556175,121977890
1589549400,260.51635546068246,262.52757199,257.95238747,260.46461303750004,111146276
1589808600,260.49048424909125,272.08136412,260.49048424909125,269.90379633500004,120320229
1589895000,265.1971402920457,271.58166962,265.1971402920457,269.21041291,95189316
1589981400,267.2037766010228,273.10825924,267.2037766010228,271.895697815,85861691
1590067800,269.5497372080114,272.92488511,269.27445633,271.1710491,78293925
1590154200,270.3603931540057,271.054469,268.84481074,270.21553235500005,63958200
1590499800,270.28796275450287,277.06914043,270.28796275450287,275.4944150975,88951442
1590586200,272.8911889260014,278.33442192,272.1913886,276.4571292775,104817449
1590672600,274.67415910175066,281.33258894,274.67415910175066,278.8891286675,90767807
1590759000,276.78164388462534,279.60887212,274.57525228,277.630723705,119265702
1591018200,277.20618379481266,280.75037608,277.20618379481266,279.28682130749996,56779836
1591104600,278.2465025511563,282.51535207,278.2465025511563,281.44719776750003,74267162
1591191000,279.84685015932814,287.18222366,279.84685015932814,285.5089347275,92567574
1591277400,282.67789244341407,286.98051211,282.67789244341407,285.2728405325,75794363
1591363800,283.97536648795705,294.56761671,283.97536648795705,292.253664415,150524674
1591623000,288.1145154514785,296.52513554,288.1145154514785,294.8793527275,73641217
1591709400,291.4969340894893,296.41043502,291.4969340894893,294.25471167750004,77479228
1591795800,292.87582288349466,295.58992748,291.76740207,293.6349071225,95000766
1591882200,293.25536500299734,293.25536500299734,275.07036243,280.615137655,209243560
1591968600,286.9352513289987,286.9352513289987,273.77757481,279.6753452425,194678879
1592227800,283.30529828574936,283.30529828574936,272.07219541,277.3739999225,135782724
1592314200,280.33964910412465,289.40105062,280.33964910412465,286.92320769749995,137627502
1592400600,283.6314284008123,288.25496231,283.6314284008123,286.7467100975,83398944
1592487000,285.18906924915615,286.33870266,283.78063356,285.05393767,80828658
1592573400,285.1215034595781,289.51446335,282.28535038,286.33733726750006,135549624
1592832600,285.7294203635391,286.447846,282.48794972,284.6543813475,74649389
1592919000,285.1919008555195,289.62497209,285.1919008555195,288.1630566575,68471246
1593005400,286.6774787565098,286.6774787565098,278.2057363,282.38204552,132813492
1593091800,284.5297621382549,284.5297621382549,277.45059329,280.81650513,89467968
1593178200,282.67313363412745,282.67313363412745,275.73770792,279.03915633249994,127961017
1593437400,280.8561449833137,280.8561449833137,275.28646393,278.4382650975,79773260
1593523800,279.64720504040685,285.66507581,279.64720504040685,282.34290701000003,113394772
1593610200,280.99505602520344,287.22140714,280.99505602520344,285.72263244,72396542
1593696600,283.3588442326017,290.73005942,283.3588442326017,288.630393485,69344217
1594042200,285.9946188588009,292.55345352,285.9946188588009,291.61873382,61713828
1594128600,288.80667633940044,292.40610854,288.58434818,290.09693647,82909963
1594215000,289.4518064047002,291.28260309,287.96734109,290.0370775725,54638596
1594301400,289.7444419886001,292.01932798,286.10711074,289.85519861500006,83354158
1594387800,289.7998203018001,292.73763474,288.02259545,290.6702005225,57550365
1594647000,290.23501041215,297.18561126,289.28423683,292.8044004375,102997484
1594733400,291.519705424825,294.46893823,287.32270681,291.0017267225,93656951
1594819800,291.2607160736625,297.48951028,291.2607160736625,296.20139285749997,87196524
1594906200,293.7310544655812,295.86871552,293.7310544655812,294.90867090250003,54622520
1594992600,294.31986268404063,297.05668441,294.31986268404063,296.0494433475,62774911
1595251800,295.1846530157703,299.41420405,295.1846530157703,297.33756077,56308749
1595338200,296.26110689288515,301.07183505,296.26110689288515,299.8309140675,57498967
1595424600,298.04601048019254,301.3204797,298.04601048019254,300.0266066175,57792915
1595511000,299.03630854884625,301.34810689,296.05289675,298.8662649175,75737989
1595597400,298.9512867331731,298.9512867331731,293.99559249,295.395830235,73766597
1595856600,297.1735584840866,297.83024554,295.40365794,296.77005238000004,48292970
1595943000,296.9718054320433,298.04205395,295.4727259,296.55248831250003,57494979
1596029400,296.76214687227167,299.96674772,296.60083588,298.1537138125,48454159
1596115800,297.4579303423858,298.75115165,294.3584295,296.97150059,61861714
1596202200,297.2147154661929,300.79556322,295.91476083,299.38197234,85210755
1596461400,298.29834390309645,303.54907249,298.29834390309645,302.62356185,53077948
1596547800,300.4609528765482,303.95427118,300.4609528765482,302.94127446,41917893
1596634200,301.7011136682741,306.09998242,301.7011136682741,305.54513649,42866354
1596720600,303.623125079137,308.00625807,303.623125079137,306.52357621,43679447
1596807000,305.0733506445685,308.39303864,305.0733506445685,307.35932153,57308270
1597066200,306.2163360872843,309.21264508,306.2163360872843,308.355051265,44282089
1597152600,307.28569367614216,310.8426489,305.7500381,308.31936615250004,69600882
1597239000,307.8025299143211,311.52411942,306.51227209,309.423923965,53826128
1597325400,308.61322693966054,311.49778151,308.61322693966054,310.2351731825,41816146
1597411800,309.4242000610802,310.73214016,309.07450916,309.95167223249996,47260390
1597671000,309.6879361467901,311.57937379,309.6879361467901,311.0456396275,35480974
1597757400,310.36678788714505,312.27926243,309.98620621,311.42512201249997,38733908
1597843800,310.8959549498225,312.74892455,309.99541527,311.3836812375,68054244
1597930200,311.13981809366123,312.0029906,308.70614672,310.2670825775,42207826
1598016600,310.7034503355806,312.85022422,310.7034503355806,311.88097053749993,55106628
1598275800,311.29221043654024,315.87079627,311.29221043654024,314.8325667175,48588662
1598362200,313.0623885770201,316.98509266,313.0623885770201,316.3611787725,38463381
1598448600,314.71178367476006,320.34639997,314.71178367476006,318.7163961525,50790237
1598535000,316.71408991363,322.22504844,316.71408991363,320.76771451499997,58034142
1598621400,318.740902214315,322.98019145,318.740902214315,322.0615876025,48588940
1598880600,320.40124490840753,323.51431699,320.40124490840753,322.3217435775,66099183
1598967000,321.36149424295377,324.81279461,321.36149424295377,323.41301732,54999325
1599053400,322.3872557814769,330.37506752,322.3872557814769,327.96920030750005,69540035
1599139800,325.1782280444885,328.19252004,315.49322476,322.3700911475,148011129
1599226200,323.7741595959942,323.7741595959942,308.38382958,315.73266035250003,139156281
1599571800,319.7534099742471,319.7534099742471,306.55122642,309.755979685,114465322
1599658200,314.75469482962353,315.37350697,309.98620621,312.2815646975,91462290
1599744600,313.5181297635618,315.43797039,306.52359923,311.056759565,90569548
1599831000,312.2874446642809,312.2874446642809,304.81992293,308.00856034000003,84680194
1600090200,310.14800250214046,313.45802225,307.78597733,310.9326214225,65605686
1600176600,310.54031196232023,314.96830828,310.54031196232023,313.51748976749997,52920862
1600263000,312.0289008649101,315.92605063,311.74513689,313.54781060000005,82211256
1600349400,312.7883557324551,312.7883557324551,306.653447,308.5244058975,91523339
1600435800,310.6563808149775,310.6563808149775,303.23879365,307.3070032175,105877942
1600695000,308.98169201623875,308.98169201623875,297.46933281,300.84640904750006,99450829
1600781400,304.9140505318694,305.94785139,301.28790224,304.1055996675,63612107
1600867800,304.5098250996847,306.22522931,297.81143225,302.073806365,93112240
1600954200,303.29181573234234,303.29181573234234,295.68486816,298.4856917575,76681332
1601040600,300.88875374492113,304.72738851,297.38611943,301.07755731500004,71069426
1601299800,300.9831555299606,309.7016993,300.9831555299606,308.47199050250003,64584614
1601386200,304.7275730162303,309.52602662,304.7275730162303,308.05844313250003,51531594
1601472600,306.3930080743652,312.78059427,306.3930080743652,309.5422069975,104081136
1601559000,307.9676075359326,313.19666116,307.9676075359326,311.698820365,88698745
1601645400,309.8332139504663,311.59951907,306.21598338,308.2922958375,89431112
1601904600,309.06275489398314,314.32466472,309.06275489398314,312.4639211425,45713108
1601991000,310.7633380182416,316.36801544,309.16543532,312.371461835,90128883
1602077400,311.5673999266208,315.86873517,311.5673999266208,314.0380408675,56999597
1602163800,312.8027203970604,317.92133182,312.8027203970604,317.21401811,45242476
1602250200,315.0083692535302,321.15740761,315.0083692535302,320.059453325,59528606
1602509400,317.5339112892651,327.32444348,317.5339112892651,324.786435465,80388533
1602595800,321.16017337713254,325.88679369,321.16017337713254,324.52410528999997,73255513
1602682200,322.84213933356625,325.39204393,320.96324306,323.0874956725,57958749
1602768600,322.96481750303315,322.96481750303315,317.2556248,319.530123785,60357659
1602855000,321.2474706440166,324.3010241,320.92625934,322.24380448750003,89501868
1603114200,321.74563756575833,322.98810192,315.32322525,319.2226965825,68425614
1603200600,320.4841670741292,320.72284886,316.80257419,318.14323416,60051880
1603287000,319.31370061706457,322.391462,316.58067185,318.32461620749996,63574979
1603373400,318.81915841228226,319.2065162,314.96263395,317.47290417,55399292
1603459800,318.1460312911411,319.89996102,317.2556248,319.17646693,49143511
1603719000,318.66124911057057,318.66124911057057,310.31193074,314.38938623999996,91473002
1603805400,316.52531767528524,316.52531767528524,312.50321635,313.45785871,65994108
1603891800,314.9915881926426,314.9915881926426,301.53754238,304.59101103750004,127094307
1603978200,309.79129961507135,309.79129961507135,300.57596557,304.0466568575,90596689
1604064600,306.9189782362857,306.9189782362857,298.27372879,302.1362163975,120448685
1604327400,304.52759731689287,307.29775729,302.5638407,305.1157176125,86068299
1604413800,304.82165746469644,312.74361055,304.82165746469644,309.337294055,93294192
1604500200,307.0794757598482,321.70291753,307.0794757598482,317.1192473175,126959700
1604586600,312.0993615386741,325.63243814,312.0993615386741,323.7300878675,82039749
1604673000,317.914724703087,325.00371484,317.914724703087,323.4342180825,74972973
1604932200,320.6744713927935,336.90322783,320.6744713927935,332.15313085749995,172304203
1605018600,326.41380112514673,328.39697146,324.07912176,326.6633594275,85552022
1605105000,326.5385802763234,330.597503,326.5385802763234,329.545778365,58649048
1605191400,328.0421793206617,329.81918054,324.77256657,327.48351972,68118563
1605277800,327.76284952033086,331.83645773,327.76284952033086,329.8439596325,62959429
1605537000,328.80340457641546,335.42387889,328.80340457641546,334.2219078825,74541138
1605623400,331.5126562294577,334.62872884,331.3186856,333.04998615,66111009
1605709800,332.2813211897288,334.24039975,329.37704013,331.68158839,70591299
1605796200,331.9814547898644,331.9814547898644,327.44464058,329.5504013275,59940947
1605882600,330.7659280586822,330.7659280586822,328.46169297,329.5712046725,70411890
1606141800,330.1685663655911,331.76249028,328.10572464,330.17796888500004,63230608
1606228200,330.1732676252956,336.37620977,330.1732676252956,334.36290833,62415877
1606314600,332.2680879776478,335.77522426,332.2680879776478,335.2643865825,45330890
1606487400,333.7662372800739,336.71830921,333.7662372800739,336.1519959475,28514072
1606746600,334.95911661378693,335.73824054,332.08609786,334.513154705,83872709
1606833000,334.7361356593934,339.954385,334.7361356593934,338.447298275,74504969
1606919400,336.5917169671967,339.28867798,336.5917169671967,338.1167562475,45927000
1607005800,337.35423660734835,340.42592748,337.35423660734835,339.1083823325,62881998
1607092200,338.2313094699242,341.96075199,338.2313094699242,340.76802691250003,50749859
1607351400,339.4996681912121,341.74809558,339.4996681912121,341.0477163225,48944269
1607437800,340.27369225685607,342.82062356,339.94513907,341.253438285,42458859
1607524200,340.76356527092804,343.07026369,338.35483897,340.88128956749995,74098312
1607610600,340.822427419214,340.822427419214,336.94945748,338.4912164475,57735353
1607697000,339.65682193335704,339.65682193335704,335.86768357,337.7538996925,57698614
1607956200,338.7053608129285,341.91452234,336.9864412,339.2262679475,69216174
1608042600,338.9658143802143,341.72035779,338.32710118,340.36582892499996,64071099
1608129000,339.6658216526071,343.17196893,339.6658216526071,342.103509165,58420517
1608215400,340.8846654088036,344.37393994,340.8846654088036,343.87697115750007,64119472
1608301800,342.3808182831518,344.6255101,340.79066339,343.1677112325,136542328
1608561000,342.7742647578259,351.41309593,336.15727717,342.00704334249997,96386745
1608647400,342.39065405016294,342.39065405016294,339.87141442,341.19264911000005,48388462
1608733800,341.7916515800815,343.20485261,340.97377036,341.8601492175,46201402
1608820200,341.82590039879074,342.65701736,341.18993315,342.0627554,26457853
1609165800,341.9443278993954,345.96259951,341.9443278993954,345.31494682999994,39000402
1609252200,343.62963736469766,347.27183289,343.62963736469766,345.9022447825,53680451
1609338600,344.7659410735988,346.43615201,344.7659410735988,345.64689785,49455259
1609425000,345.20641946179944,347.88466554,344.70164992,346.2393027400001,78520702
1609770600,345.72286110089976,348.61820765,338.74788791,344.5721193825,110210810
1609857000,345.14749024169987,345.87903143,341.74705374,343.553052975,66426229
1609943400,344.35027160834994,350.03886515,342.74058545,345.73046593500004,107997675
1610029800,345.040368771675,352.75018534,345.040368771675,350.75615790250004,68766812
1610116200,347.89826333708754,354.2265549,347.89826333708754,352.9451775425,71677208
1610375400,350.4217204397938,353.38158867,350.4217204397938,351.64497416000006,51176719
1610461800,351.03334729989695,352.71304397,349.46317387,351.4223812725,52547716
1610548200,351.2278642861985,353.64157828,350.84669,352.190743415,45303619
1610634600,351.7093038505992,353.89228254,351.07882358,352.44376901500004,49989113
1610721000,352.0765364327996,352.0765364327996,346.9932726,349.05926144750003,107159962
1611066600,350.5678989401498,352.12806735,349.82530225,351.21113971500006,51229172
1611153000,350.88951932757493,357.29071813,350.88951932757493,355.2757986725,61836062
1611239400,353.08265900003744,357.43928362,353.08265900003744,356.77306024999996,47955809
1611325800,354.9278596250187,356.67379993,354.54689923,355.41753943,52136931
1611585000,355.17269952750934,357.27214744,351.41309593,355.46382686749996,70401971
1611671400,355.3182631975046,358.2749645,355.3182631975046,357.1584019875,42665281
1611757800,356.2383325925023,356.2383325925023,345.42404961,349.81601691000003,123351078
1611844200,353.02717475125115,354.63510999,349.02676275,350.941864765,94198104
1611930600,351.98451975812554,351.98451975812554,341.95133128,346.02759691499995,126765121
1612189800,349.0060583365628,350.3731375,343.90682455,347.6585674375,75817597
1612276200,348.3323128870314,355.83291926,348.3323128870314,353.01437656250005,64450662
1612362600,350.6733447247657,356.27861573,350.6733447247657,354.80804951000005,52427090
1612449000,352.74069711738287,358.63709288,352.74069711738287,356.8718330875,47142555
1612535400,354.80626510244144,360.7077244,354.80626510244144,359.9287769625,48669773
1612794600,357.36752103247073,362.64836111,357.36752103247073,361.82428690999996,38365185
1612881000,359.5959039712353,362.95477743,359.5959039712353,362.1098112075,35551059
1612967400,360.85285758936766,364.24544013,359.80704611,362.58800638,59154370
1613053800,361.72043198468384,363.69760488,360.3641667,362.53229432,42913288
1613140200,362.1263631523419,364.8211314,361.914819,363.32619115750003,50593270
1613485800,362.726277154921,366.00036998,362.726277154921,364.9046994875,50972366
1613572200,363.8154883212105,364.59828317,361.50626391,363.24262307249995,52806681
1613658600,363.52905569685527,363.53511138,360.02989435,362.02740379,59712773
1613745000,362.77822974342763,364.33829356,361.71054146,363.0638802175,83240971
1614004200,362.92105498046385,362.92105498046385,359.10136004,359.9115062275,67413570
1614090600,361.41628060398193,361.41628060398193,353.02874563,357.7886446525,107284127
1614177000,359.60246262824097,364.19901341,357.7364146,361.1069941525,72433946
1614263400,360.3547283903705,363.8740264,353.56627415,358.7389763075,146670499
1614349800,359.54685234893526,359.54685234893526,351.19953304,354.820816855,152701639
1614609000,357.18383460196765,362.98263346,353.3741604,359.03218423,105348798
1614695400,358.1080094159838,362.1933793,358.1080094159838,360.37113071,79595332
1614781800,359.2395700629919,359.2395700629919,354.05941872,356.406289195,119940211
1614868200,357.82292962899595,357.82292962899595,345.30334015,351.403810585,183433020
1614954600,354.613370106998,357.2628621,346.00902623,353.1889178,152039624
1615213800,353.901143953499,359.97418229,353.901143953499,356.43646656,123149245
1615300200,355.16880525674947,362.04481381,354.44931028,358.56742959499996,113633556
1615386600,356.86811742587474,363.42832993,356.86811742587474,361.85915337,109899410
1615473000,359.3636353979374,367.37460076,359.3636353979374,365.1809384475,86245040
1615559400,362.2722869227187,366.03751135,362.2722869227187,364.80720338500004,64653565
1615815000,363.53974515385937,368.33563378,363.53974515385937,366.64454065999996,73592302
1615901400,365.09214290692967,369.39880556,365.09214290692967,368.13832023250006,73722506
1615987800,366.61523156971487,369.66808051,365.19254513,367.51620224249996,97959265
1616074200,367.0657169061074,368.36813248,362.82478263,365.2447751825,115349101
1616160600,366.1552460443037,366.1552460443037,360.6592509,362.86685069500004,113624490
1616419800,364.51104836965186,367.10574971,363.28629232,364.8653119,73778646
1616506200,364.6881801348259,366.53748898,362.06592911,364.13635448750006,90686552
1616592600,364.41226731116296,365.87607075,360.95735489,363.0207934575,97588644
1616679000,363.71653038433146,363.82660581,357.63163224,361.0155783275,116128622
1616765400,362.3660543559157,369.28563515,362.3660543559157,366.48392342,114409114
1617024600,364.42498888795785,369.60237064,364.42498888795785,367.9115620675,108107626
1617111000,366.1682754777289,368.39132318,366.12759599,367.41782733249994,76262249
1617197400,366.7930514051144,370.76683936,366.7930514051144,369.13192528,112734214
1617283800,367.9624883425572,373.25414454,367.9624883425572,372.1315966975,99682876
1617629400,370.04704252002864,379.09511962,370.04704252002864,377.3204692975,91684764
1617715800,373.6837559087643,379.37459211,373.6837559087643,378.34054388999994,62020953
1617802200,376.0121498993821,379.11375112,376.0121498993821,378.43835926500003,55836280
1617888600,377.22525458219104,380.62290258,377.22525458219104,380.07327334250004,57863114
1617975000,378.6492639623456,383.50146924,378.6492639623456,381.9014892275,61104559
1618234200,380.2753765949228,383.74367874,380.2753765949228,383.021708135,56704899
1618320600,381.6485423649614,385.23326712,381.6485423649614,384.050865585,56550988
1618407000,382.8497039749807,385.63477593,382.75620927,384.06740103999994,61658197
1618493400,383.4585525074903,387.68424087,383.4585525074903,386.4778512825,60229842
1618579800,384.96820189499516,389.31449708,384.96820189499516,388.5016979175,82037278
1618839000,386.7349499062476,388.22455436,385.47640819,387.0694013925,78498496
1618925400,386.9021756493738,386.9021756493738,382.49536827,384.683614595,81851828
1619011800,385.7928951221869,387.80534562,383.212681,385.49271075,66792024
1619098200,385.64280293609346,388.26181736,382.99841876,385.68834149500003,97582788
1619184600,385.6655722155467,389.63123257,384.54483321,386.75499483749996,73276195
1619443800,386.2102835265233,389.60328532,386.2102835265233,388.9514390225,52182392
1619530200,387.5808612745117,389.52875932,387.5808612745117,388.90693302750003,51302156
1619616600,388.24389715100585,390.33922955,388.24389715100585,389.19339233,51238854
1619703000,388.7186447405029,391.93222275,387.94508187,390.68857016249996,78544329
1619789400,389.7036074515014,389.90138931,387.85192437,388.8883015275,85527030
1620048600,389.2959544895007,391.11243678,389.08626121,390.12846071250004,68128289
1620135000,389.7122076010004,389.7122076010004,383.50146924,386.594298155,101591166
1620221400,388.1532528780002,389.05365609,386.74335015,387.98001593000004,39960661
1620307800,388.0666344040001,390.52554454,385.36927707,388.4166916975,74321368
1620394200,388.24166305075005,393.88387232,388.24166305075005,392.1895703375,67733790
1620653400,390.21561669412506,393.8140042,389.22133958,391.49205357750003,81852446
1620739800,390.8538351358126,390.8538351358126,382.00163354,384.8895159575,116887975
1620826200,387.8716755466563,387.8716755466563,376.3562892,380.3690483975,134811046
1620912600,384.1203619720782,384.13494023,379.16964562,381.18184756249997,106393963
1620999000,382.6511047672891,388.92323559,382.6511047672891,386.710745025,82201629
1621258200,384.6809248961446,387.89850312,384.6809248961446,386.7573237775,65129221
1621344600,385.7191243368223,387.59108338,383.59462674,385.5718946225,59810238
1621431000,385.64550947966114,385.64550947966114,377.59528391,380.5856395775,106467052
1621517400,383.11557452858057,388.11742324,383.11557452858057,385.5264803425,78022218
1621603800,384.32102743554026,389.58465382,384.32102743554026,387.6423200025,76578662
1621863000,385.98167371902014,391.55959276,385.98167371902014,389.8431658725,51376702
1621949400,387.91241979576006,391.922907,387.91241979576006,390.53951816750003,57451396
1622035800,389.22596898163005,390.89817453,389.17476083,390.16921711500004,43088618
1622122200,389.69759304831507,391.93222275,389.69759304831507,391.06704578499995,56707677
1622208600,390.38231941665754,392.42595749,390.38231941665754,391.73892094750005,58520164
1622554200,391.06062018207876,393.7953727,390.51622879,392.2303267425,54216625
1622640600,391.6454734622894,392.40732599,390.60007054,391.5456191375,49097061
1622727000,391.5955462998947,391.5955462998947,387.79602987,389.605614255,58138763
1622813400,390.6005802774473,393.98168769,390.18291127,392.45208816499996,55938789
1623072600,391.52633422122364,393.8512672,391.52633422122364,393.29930902499996,51555032
1623159000,392.41282162311177,394.25184444,391.55959276,393.3389009625,47134279
1623245400,392.8758612928059,394.29842318,392.57500948,393.4739793325,48436342
1623331800,393.17492031265294,395.5746809,392.70542998,394.230884,51020147
1623418200,393.70290215632645,395.3883659,393.70290215632645,394.9318941675,45570828
1623677400,394.3173981619132,396.26404638,394.14937119,395.49083915,42358478
1623763800,394.9041186559566,396.34788813,394.55926418,395.66318052250006,51508508
1623850200,395.28364958922833,395.79825889,391.18696277,393.94675363249996,80386082
1623936600,394.6152016108641,394.6152016108641,390.62801779,392.6541933575,90949659
1624023000,393.6346974841821,393.6346974841821,387.58791444,388.92865365750004,118676302
1624282200,391.28167557084106,393.53211299,388.73750001,391.2913557525,72822028
1624368600,391.28651566167053,396.27990288,391.28651566167053,394.4200042775,57700303
1624455000,392.8532599695853,396.326634,392.8532599695853,395.427059925,49445414
1624541400,394.14015994729266,397.72856762,394.14015994729266,397.25191018749996,45110288
1624627800,395.69603506739634,399.17190501,395.69603506739634,398.4188563675,58129525
1624887000,397.05744571744816,399.69127468,397.05744571744816,399.125828125,53159581
1624973400,398.0916369212241,400.54178108,398.0916369212241,399.84782394,35970515
1625059800,398.96973043061206,400.74739801,398.96973043061206,399.8384777125,64827858
1625146200,399.40410407155605,402.4484108,399.40410407155605,401.58388507,53441027
1625232600,400.493994570778,405.71958924,400.493994570778,404.22695051999995,57697668
1625578200,402.360472545389,405.63547323,401.89698358,404.39476197500005,68710419
1625664600,403.3776172601945,406.33644004,403.2989172,405.2499414825,63549456
1625751000,404.3137793713472,404.3137793713472,399.56977377,401.64229897,97595232
1625837400,402.9780391706736,407.34583224,402.55495776,405.2999437825,76238584
1626096600,404.1389914765868,408.75711209,404.1389914765868,407.6893059775,52889585
1626183000,405.9141487270434,409.21507707,405.9141487270434,407.72435432,52911312
1626269400,406.8192515235217,409.28984686,406.4766334,408.07250117,64130352
1626355800,407.4458763467609,407.4458763467609,404.42981032,406.049043645,55126358
1626442200,406.74745999588043,407.55144917,402.74748997,405.235922145,75874662
1626701400,405.9916910704402,405.9916910704402,394.38261938,398.27506470749995,147987000
1626787800,402.1333778889701,404.14942359,397.05563948,400.48336717750004,99608174
1626874200,401.30837253323506,406.28036269,401.30837253323506,404.8319549725,64724389
1626960600,403.07016375286753,407.23367755,403.07016375286753,406.4696237325,47878539
1627047000,404.76989374268373,411.5142482,404.76989374268373,409.96043843999996,63766637
1627306200,407.36516609134185,412.19652256,407.36516609134185,411.37872795,43719187
1627392600,409.3719470206709,411.17778413,407.4860256,410.03053511999997,67397137
1627479000,409.7012410703354,411.5142482,408.71972719,410.32727774,52472360
1627565400,410.0142594051677,412.91618182,410.0142594051677,411.718696855,47435342
1627651800,410.86647813008386,411.28993882,409.1496535,409.89034175999996,68951202
1627911000,410.3784099450419,412.10306032,408.62626495,410.3155949575,58783297
1627997400,410.34700245127095,412.43017817,407.58883407,410.525885,58053896
1628083800,410.4364437256355,412.28465746,410.04689101,410.91008491,46732212
1628170200,410.67326431781777,412.96291294,410.67326431781777,412.100723765,38969659
1628256600,411.3869940414089,413.98165137,411.3869940414089,413.413868255,46930008
1628515800,412.40043114820446,413.84613112,412.40043114820446,413.2654969475,41222585
1628602200,412.8329640478522,414.44896258,412.8329640478522,413.71294742500004,43339275
1628688600,413.2729557364261,414.86206568,413.2729557364261,414.5288727925,44034340
1628775000,413.90091426446304,416.14735842,413.7199571,415.123573035,38942418
1628861400,414.51224364973154,416.78551861,414.51224364973154,416.49578565999997,39470251
1629120600,415.5040146548657,417.87902683,413.9162278,416.2527838325,73930864
1629207000,415.87839924368285,415.87839924368285,412.02829053,414.526068925,92673933
1629293400,415.2022340843414,415.55649014,410.22446927,412.5621935825,89351931
1629379800,413.8822138334207,413.8822138334207,407.60752652,409.6893979425,92812246
1629466200,411.78580588796035,414.70131063,410.96282098,412.871787255,72008712
1629725400,412.3287965714802,418.92580393,412.3287965714802,416.8615735075,54973038
1629811800,414.5951850394901,419.21553688,414.5951850394901,418.68747522,38744714
1629898200,416.64133012974503,420.07258563,416.64133012974503,419.2498842525,40529711
1629984600,417.9456071911225,419.51461605,416.99113554,418.21782745499996,57829572
1630071000,418.08171732306124,421.18759017,417.83229571,419.43050003499997,77235113
1630330200,418.7561086790306,423.44937641,418.7561086790306,422.2110017125,48357355
1630416600,420.4835551957653,422.90729541,420.4835551957653,422.23904038499995,59300213
1630503000,421.36129779038265,423.48676131,421.36129779038265,422.68649086749997,48721378
1630589400,422.0238943289413,424.36530637,422.0238943289413,423.4937709725,42830867
1630675800,422.75883265072065,423.97276496,422.02875034,422.9727189775,47234364
1631021400,422.8657758141103,423.20637458,421.27385582,422.384444265,51671534
1631107800,422.6251100395551,422.6251100395551,419.51461605,421.1245031575,56181907
1631194200,421.8748065985276,422.9820652,419.38376891,420.80673153500004,57970407
1631280600,421.3407690667638,421.972673,416.19670649,419.00991995000004,89948174
1631539800,420.17534450838195,420.17534450838195,415.07515959,417.834632265,83738649
1631626200,419.00498838669097,419.0286124,414.24334565,416.806547615,78197140
1631712600,417.90576800084546,419.09403597,414.44896258,416.923375415,78792222
1631799000,417.41457170792273,419.04730485,414.99104358,417.51218753750004,77786735
1631885400,417.4633796227114,417.58642123,413.50778789,415.5306962675,118425037
1632144600,416.4970379451057,416.4970379451057,402.10636687,406.5366065325,166445534
1632231000,411.5168222388029,411.5168222388029,406.05373385,408.130555195,92526112
1632317400,409.8236887169014,412.5795472,406.68850046,409.66519959,102350143
1632403800,409.7444441534507,417.13636514,409.7444441534507,414.31413839,76395981
1632490200,412.02929127172536,416.93008943,412.02929127172536,415.1837780275,62094837
1632749400,413.6065346496127,416.34876698,413.6065346496127,415.22362674749996,61371108
1632835800,414.4150806985563,414.4150806985563,405.93184366,409.36117732750006,130436306
1632922200,411.8881290130282,411.8881290130282,406.785075,407.987568625,82329213
1633008600,409.9378488190141,409.9378488190141,402.03135752,405.6857192325,140505979
1633095000,407.81178402575705,408.83179885,400.57805138,405.163677605,129240106
1633354200,406.48773081537854,406.88821285,399.76232471,403.63468234749996,128569957
1633440600,405.06120658143925,408.32276665,402.6033038,405.1020527325,90682520
1633527000,405.08162965696965,407.97575465,400.86871261,404.776207435,113032245
1633613400,404.92891854598486,414.12661502,404.92891854598486,411.83179775249994,72437499
1633699800,408.3803581492424,412.44828084,408.3803581492424,411.24344317249995,74557404
1633959000,409.8119006608712,412.79519908,407.50703998,409.4408747575,65233285
1634045400,409.62638770918556,409.62638770918556,405.78182496,407.4343746775,71181163
1634131800,408.5303811933428,408.84783209,404.61918005,407.272635765,72973979
1634218200,407.9015084791714,415.04547954,407.9015084791714,413.2124385775,70236825
1634304600,410.5569735283357,418.42090024,410.5569735283357,417.466875085,66260210
1634563800,414.0119243066679,419.63042599,414.0119243066679,417.7036233425,62213228
1634650200,415.85777382458394,422.59329527,415.85777382458394,421.585357145,46996827
1634736600,418.721565484792,424.48915656,418.721565484792,423.63451879250005,49571569
1634823000,421.178042138646,425.51772226,421.178042138646,424.38859715499996,41305438
1634909400,422.783319646823,426.30625804,422.783319646823,424.73340575249995,58845088
1635168600,423.75836269966146,427.45952678,423.75836269966146,426.17499167999995,45214507
1635255000,424.9666771898307,429.88795445,424.9666771898307,428.305725995,56075116
1635341400,426.6362015924153,428.64092402,425.54678838,426.946181545,72437997
1635427800,426.79119156870763,429.80356893,426.79119156870763,428.404175765,51437944
1635514200,427.5976836668538,430.89120449,427.14073704,429.015970765,70162424
1635773400,428.3068272159269,431.9620567,428.3068272159269,431.12610094999997,48433642
1635859800,429.7164640829634,433.39464151,429.7164640829634,432.3421665825,48908417
1635946200,431.0293153327317,436.13248274,431.0293153327317,434.11660649,52509825
1636032600,432.57296091136584,437.86707393,432.57296091136584,436.990402165,52847087
1636119000,434.7816815381829,441.28937547,434.7816815381829,439.59697703750004,66390563
1636381800,437.1893292878415,440.89557639,437.1893292878415,439.99150277250004,50405194
1636468200,438.5904160301708,440.27674926,436.81694305,438.839851425,51149147
1636554600,438.7151337275854,438.7151337275854,433.2164943,435.66836239250006,69429653
1636641000,437.19174806004276,437.19174806004276,434.81981913,435.5277198625,34848495
1636727400,436.3597339612714,438.67342443,435.1573612,437.01384258499996,53466654
1636986600,436.6867882731357,439.56416045,436.6867882731357,438.59607103999997,46980500
1637073000,437.6414296565678,441.13466869,437.6414296565678,439.2699831575,48857502
1637159400,438.4557064070339,439.92045486,438.31713002,439.22896241999996,47858289
1637245800,438.84233441351694,440.68930068,437.2482468,439.582912785,50625607
1637332200,439.21262359925845,441.56128436,439.21262359925845,440.19705183,57315573
1637591400,439.7048377146292,443.9990882,438.19523983,440.5275617725,72761954
1637677800,440.1161997435646,440.1161997435646,435.47615094,438.09092995749995,73206538
1637764200,439.1035648505323,440.27674926,436.16998741,438.396827455,61858813
1637937000,438.75019615276614,438.75019615276614,429.21287031,432.0022804675,112669636
1638196200,435.3762383101331,437.45452251,432.92583308,435.2792513975,86268818
1638282600,435.3277448538165,435.3277448538165,426.89695666,430.57475879500004,148559598
1638369000,432.95125182440825,435.68242665,422.19949619,428.2799415325,132485835
1638455400,430.61559667845415,430.61559667845415,422.21824853,426.03200511,127637758
1638541800,428.3238008942271,431.58504096,420.91496109,427.03994323,137331647
1638801000,427.68187206211354,432.04447323,425.26550332,428.7885986775,98977532
1638887400,428.2352353698068,439.62979363,428.2352353698068,436.04448739500003,95484688
1638973800,432.1398613824034,440.67992451,432.1398613824034,439.51962364499997,72238777
1639060200,435.8297425137017,440.33216242,435.8297425137017,438.398960535,61272568
1639146600,437.11435152435087,441.52377969,437.11435152435087,440.06578547,77159757
1639405800,438.5900684971754,441.20498995,437.18261362,439.1773934925,87724680
1639492200,438.8837309948377,438.8837309948377,431.53816012,434.219744345,97264128
1639578600,436.55173766991885,441.48627501,431.99759238,437.3091918975,116899251
1639665000,436.93046478370945,443.3708849,435.80431684,439.90404656,116568626
1639751400,438.4172556718547,438.4172556718547,430.99682813,433.814877075,135636510
1640010600,436.1160663734274,436.1160663734274,424.48567664,427.1767016775,107134822
1640097000,431.6463840254637,435.84255503,429.3502219,433.102131805,69806260
1640183400,432.37425791523185,440.17077712,432.37425791523185,437.7314476075,58890223
1640269800,435.0528527613659,444.29199728,435.0528527613659,442.2737285025,56439745
1640615400,438.6632906319329,449.10949665,438.6632906319329,446.61606435749997,56808619
1640701800,442.63967749471647,450.52087341,442.63967749471647,449.1612471275,47274585
1640788200,445.90046231110824,450.28564395,445.90046231110824,449.03892780749993,54502964
1640874600,447.46969505930406,450.69964781,447.46969505930406,448.9965865075,55329041
1640961000,448.23314078340206,448.68608362,446.62547354,447.43701518,65237431
1641220200,447.83507798170103,449.61759228,445.8539209,448.27913664749997,72668233
1641306600,448.0571073146005,451.62174729,447.48170878,449.83635568249997,71178678
1641393000,448.9467314985502,449.7399116,440.6131026,445.007118365,104538940
1641479400,446.9769249317751,446.9769249317751,437.93139265,440.3683698675,86858900
1641565800,443.6726473996375,443.6726473996375,437.19747673,439.382758425,85111593
1641825000,441.5277029123188,441.5277029123188,429.6205476,435.303244445,119361989
1641911400,438.4154736786594,442.09024952,434.75109033,439.1451766675,74303062
1641997800,438.7803251730797,445.2423243,438.7803251730797,443.34872713749996,67605444
1642084200,441.06452615528985,444.94123059,436.05896614,440.59419015000003,91173121
1642170600,440.82935815264494,440.82935815264494,432.72811696,435.386209875,95890948
1642516200,438.1077840138225,438.1077840138225,428.40930405,430.822758325,109872376
1642602600,434.46527116941127,434.46527116941127,424.78677035,428.34165206250003,109357569
1642689000,431.4034616159556,431.63665226,418.23798215,424.2927884825,122379696
1642775400,427.8481250492278,427.8481250492278,412.07497026,416.2502932025001,202271241
1643034600,422.04920912586397,422.04920912586397,395.90059251,407.6550086875,252496719
1643121000,414.852108906682,414.852108906682,401.91305754,407.9819776375,167997325
1643207400,411.417043272091,417.80515994,403.52202705,410.94586884750004,186391088
1643293800,411.18145605979555,415.49991122,404.07716858,409.42628652999997,149878307
1643380200,410.30387129489776,415.88568754,402.54347249,410.3460337225,164457370
1643639400,410.32495250869886,423.67648729,410.32495250869886,419.0001256025,152251425
1643725800,414.66253905559944,426.82856208,414.66253905559944,424.4006176675,123155382
1643812200,419.5315783615497,431.0532832,419.5315783615497,429.0632419575,117360953
1643898600,424.2974101595248,426.2075563,419.37649274,422.52621522749996,118024442
1643985000,423.4118126935124,426.02878191,417.60756719,421.45121659,118454352
1644244200,422.43151464175617,424.34453896,419.50822124,421.9099140375,84472859
1644330600,422.1707143396281,425.21959256,418.915443,422.1921893925,81012036
1644417000,422.18145186606404,430.82746292,422.18145186606404,429.4454898325,92589929
1644503400,425.813470849282,430.66750688,420.77846033,424.72325839499996,140103712
1644589800,425.268364622141,425.268364622141,413.00647893,418.8060613,153214597
1644849000,422.0372129610705,422.0372129610705,409.61917469,413.0347064675,123006262
1644935400,417.53595971428524,419.91281591,416.99597059,418.54142815250003,88659503
1645021800,418.03869393339266,421.58294509,415.82923247,418.83193654,84863585
1645108200,418.43531523669634,420.18116568,410.63536596,414.7719230825,102259108
1645194600,416.60361915959817,416.60361915959817,406.30714387,409.77913072,132642896
1645540200,413.19137493979906,413.19137493979906,400.69927352,405.258020475,124391830
1645626600,409.2246977073995,409.2246977073995,396.45573404,402.0588998025,132578005
1645713000,405.6417987549497,405.6417987549497,386.37850391,394.884401235,213942946
1645799400,400.2630999949748,411.9714693,400.2630999949748,407.66677016,121804459
1646058600,403.96493507748744,412.31019973,403.96493507748744,408.7253027375,145615029
1646145000,406.3451189074937,411.34105434,401.87542082,406.78230738250005,137785908
1646231400,406.5637131449969,413.74039485,406.07191441,409.66386828500004,117726525
1646317800,408.11379071499846,415.04827065,408.11379071499846,411.907957345,105501715
1646404200,410.01087402999923,410.01087402999923,402.59992756,405.81080970749997,114083256
1646663400,407.91084186874957,407.91084186874957,394.58330752,400.51151336000004,137896560
1646749800,404.21117761437483,404.21117761437483,390.59381586,394.762081915,164772744
1646836200,399.48662976468745,404.13362365,397.83888327,401.03800394250004,116990765
1646922600,400.26231685359375,401.23559669,395.5994988,398.68335703500003,93972655
1647009000,399.4728369442969,403.43734445,394.74326356,399.06442876250003,95636277
1647264600,399.26863285339846,399.46667114,391.22423082,394.76913880000006,95729188
1647351000,397.01888582669926,401.621373,393.69884475,397.82006491,106219117
1647437400,397.4194753683496,409.93908676,397.4194753683496,406.0036978675,144954805
1647523800,401.7115866179248,415.01063394,401.7115866179248,411.39750941499994,102676870
1647610200,406.5545480164624,419.87708871,406.5545480164624,416.3754387575,106345544
1647869400,411.4649933869812,421.38723425,411.4649933869812,419.0347106575,88349763
1647955800,415.2498520222406,425.27585899,415.2498520222406,422.81479369500005,74650394
1648042200,419.0323228586203,423.30323139,418.79167161,420.695870745,79426098
1648128600,419.86409680181015,425.20035172,419.78270462,422.76760165,64736892
1648215000,421.3158492259051,427.54107729,421.3158492259051,425.96958209750005,77101324
1648474200,423.6427156617026,430.3065313,423.6427156617026,428.0177169775,68529767
1648560600,425.8302163196013,436.1205916,425.8302163196013,434.3603282175,86581542
1648647000,430.0952722685506,435.29473077,430.0952722685506,433.38817203249994,79666942
1648733400,431.7417221505253,432.99647803,425.82328675,429.31785789750006,121699948
1648819800,430.52979002401264,430.52979002401264,423.91672801,426.8119601525,89048773
1649079000,428.6708750882563,431.25037226,426.8615118,429.2352718125,59601000
1649165400,428.95307345037816,432.11870594,424.55853987,428.00827857,74214501
1649251800,428.4806760101891,428.4806760101891,418.56514978,421.3801554375,106897781
1649338200,424.93041572384453,425.3796815,418.62178024,422.0337653025,78097214
1649424600,423.48209051317224,425.32305104,420.89643695,422.8667049475,79272711
1649683800,423.1743977303361,423.1743977303361,414.71427867,417.2768068725,89770538
1649770200,420.22560230141806,420.71710717,412.12824883,416.1796153575,84363635
1649856600,418.202608829459,419.16920799,413.25132519,416.066330845,74070394
1649943000,417.1344698372295,419.75448377,413.10031063,416.17489615,97869451
1650288600,416.65468299361476,416.65468299361476,411.14655985,412.96345369500006,66002498
1650375000,414.80906834430743,420.76429921,413.10031063,416.79544797999995,77821013
1650461400,415.8022581621537,422.43489771,415.8022581621537,420.64159989,65224449
1650547800,418.22192902607685,424.73786965,412.55288288,418.5250365425,85417327
1650634200,418.3734827842884,418.3734827842884,401.5476973,407.37886472249994,132471772
1650893400,412.87617375339414,412.87617375339414,395.31834698,401.0639788125,119647748
1650979800,406.97007628294705,406.97007628294705,392.70390752,397.36648185750005,103996312
1651066200,402.16827907022355,402.16827907022355,391.70343611,394.62934307750004,122029990
1651152600,398.3988110738618,405.51182933,394.14798419,400.50475304250006,105449088
1651239000,399.4517820581809,401.95354891,388.11684047,394.6836139325,145491009
1651498200,397.0676979953405,397.0676979953405,382.27446493,388.7421351,158312526
1651584600,392.90491654767027,395.40329266,390.14609853,392.56233138,100028190
1651671000,392.73362396383516,405.53070615,390.47634848,398.65716077250005,144247895
1651757400,395.69539236816763,401.13240728,386.44624197,394.714288765,172929106
1651843800,395.2048405665838,395.2048405665838,382.94459201,387.6755948175,151770811
1652103000,391.44021769204187,391.44021769204187,374.23293997,378.994617605,155586067
1652189400,385.21741764852095,385.21741764852095,372.64728716,378.5934851975,132497200
1652275800,381.9054514230105,381.9054514230105,369.94790202,374.4264273625,142360992
1652362200,378.16593939275526,378.16593939275526,363.52034509,368.72562797750004,125090753
1652448600,373.44578368512765,380.53779757,373.39292152,376.8804138575,104174421
1652707800,375.1630987713138,381.28343193,375.1630987713138,377.92335811500004,78622444
1652794200,376.5432284431569,385.62510034,376.5432284431569,383.67191585750004,83029710
1652880600,380.10757215032845,381.12297896,368.61708627,375.1083524575,117674545
1652967000,377.60796230391423,377.60796230391423,365.37027337,367.93988038000003,98510715
1653053400,372.77392134195713,374.73317568,359.16923827,368.20415584750003,131432197
1653312600,370.4890385947286,375.39386435,368.4566333,372.3122236175,76414878
1653399000,371.4006311061143,372.95875467,365.22869723,370.11779339,91448831
1653485400,370.7592122480571,377.0172708,369.88183315,373.057857975,91472866
1653571800,371.9085351115285,384.18102367,371.9085351115285,379.7709267925,82168339
1653658200,375.8397309520143,392.05275165,375.8397309520143,388.449568,84768710
1654003800,382.14464947600715,393.0720055,382.14464947600715,390.0351972125,95936980
1654090200,386.0899233442536,392.86436049,384.07720116,388.84595760499997,86585813
1654176600,387.46794047462674,393.99696964,384.18102367,389.63878401249997,79609633
1654263000,388.55336224356336,390.78791038,386.51231084,388.5061748625,71874281
1654522200,388.52976855303166,393.2126378,387.49607627,390.21483374499996,57508858
1654608600,389.3723011490158,392.84548367,384.71901302,388.784607945,59272373
1654695000,389.07845454700794,392.46794728,387.33345247,389.6529416225,64349966
1654781400,389.36569808475394,389.36569808475394,378.8955143,383.18999066000003,86289796
1654867800,386.277844372377,386.277844372377,367.8620135,370.5065850775,132893850
1655127000,378.3922147249385,378.3922147249385,352.33582974,356.29052335250003,170004861
1655213400,367.3413690387193,367.3413690387193,349.77802074,353.763389185,104011831
1655299800,360.55237911185964,362.34054389,351.22209741,356.90873918,125666797
1655386200,358.7305591459298,358.7305591459298,343.63352172,347.37592190249995,134473288
1655472600,353.05324052421486,353.05324052421486,343.30735899,346.6819460575,111113904
1655818200,349.8675932908574,356.9147178,349.8675932908574,354.35415507,76811861
1655904600,352.1108741804287,358.99539718,350.90017989,354.02593856,90059424
1655991000,353.06840637021435,359.09966813,353.06840637021435,356.990551215,79292135
1656077400,355.02947879260716,369.77322161,355.02947879260716,365.64385505999996,98050333
1656336600,360.33666692630356,370.97707711,360.33666692630356,369.3182211075,66009617
1656423000,364.8274440169018,372.683329,360.71112825,366.03131643,86689824
1656509400,365.4293802234509,365.4293802234509,358.71102187,360.7443053675,65675999
1656595800,363.08684279547543,363.08684279547543,353.15622406,357.0588486875,112508273
1656682200,360.07284574148775,361.82019198,354.33164202,358.6209696875,74839729
1657027800,359.3469077144939,362.08560894,353.47851608,358.4835216175,81437965
1657114200,358.9152146659969,365.77300885,358.9152146659969,362.775219075,70426244
1657200600,360.84521687049846,369.526763,360.84521687049846,366.65623118,64525919
1657287000,363.75072402524927,370.29457635,363.75072402524927,367.848948645,72397765
1657546200,365.7998363351246,366.72092657,363.52644386,365.0549611825,58366945
1657632600,365.4273987588123,366.04790499,359.25133497,362.49084375999996,62219178
1657719000,363.9591212594061,363.9591212594061,355.14495542,357.9593231175,84224649
1657805400,360.95922218845305,360.95922218845305,351.71538913,355.7369300375,89704819
1657891800,358.3480761129765,365.18529987,358.3480761129765,363.40084476749996,79060383
1658151000,360.87446044023824,368.82530389,360.83435755,364.9672787925,63203626
1658237400,362.92086961636915,372.40843286,362.92086961636915,368.8845487525,78505972
1658323800,365.90270918443457,375.62187391,365.90270918443457,373.13122011499996,71843769
1658410200,369.51696464971724,378.06750162,369.51696464971724,375.2379672375,64903856
1658496600,372.3774659436086,379.33771136,372.29468273,376.07213483,72197332
1658755800,374.2248003868043,375.82093663,372.73072488,374.66447702000005,53631485
1658842200,374.4446387034022,374.4446387034022,369.64051313,371.7591092225,52946393
1658928600,373.1018739629511,381.89708919,373.1018739629511,377.3494539475,82342106
1659015000,375.22566395522557,385.61292663,375.22566395522557,382.226490595,73966563
1659101400,378.72607727511274,391.518454,378.72607727511274,388.4969662825,87003672
1659360600,383.6115217788064,391.87866273,383.6115217788064,389.05623773249994,69997471
1659447000,386.33387975565313,391.49001647,385.63188499,387.935325035,63435418
1659533400,387.13460239532657,394.03043595,387.13460239532657,391.11795876749994,67820555
1659619800,389.12628058141325,393.47116449,389.12628058141325,392.45452274499996,45656574
1659706200,390.7904016632066,392.58012184,388.26709624,390.276681795,56814929
1659965400,390.53354172910326,395.86939631,390.38095274,392.83842941750004,54025965
1660051800,391.68598557330165,391.68598557330165,388.85480522,390.1961087875,44931772
1660138200,390.9410471804008,398.25814896,390.9410471804008,397.0898403725,68665712
1660224600,394.0154437764504,402.81763317,394.0154437764504,399.81747359999997,59489704
1660311000,396.9164586882252,404.95992721,396.9164586882252,402.24177315749995,61694542
1660570200,399.57911592286257,407.04534618,399.57911592286257,404.70043473249996,54048280
1660656600,402.13977532768126,409.24451528,402.13977532768126,406.666179095,59289039
1660743000,404.4029772113406,407.13065877,402.4289869,404.4290932825,63563394
1660829400,404.4160352469203,406.28701201,403.33898791,404.9646667925,49023206
1660915800,404.69035101971014,404.69035101971014,399.28190009,401.34836071,68016902
1661175000,403.0193558648551,403.0193558648551,390.92126584,393.392961285,77695640
1661261400,398.20615857492754,398.20615857492754,390.32407768,391.5942874175,49105249
1661347800,394.90022299621376,394.90022299621376,389.96386895,391.5563944075,49177804
1661434200,393.2283087018569,397.70835668,392.52324678,395.37647910249996,50942252
1661520600,394.30239390217844,398.08752377,384.14365417,390.9947294625,103086976
1661779800,392.6485616823392,392.6485616823392,380.30449264,381.98000829250003,65370810
1661866200,387.3142849874196,387.3142849874196,375.37541531,379.67896173500003,85652443
1661952600,383.4966233612098,383.4966233612098,374.4654143,377.1266932875,76029671
1662039000,380.3116583243549,380.3116583243549,369.72582572,373.51038719999997,78740084
1662125400,376.9110227621774,380.64109822,370.00072186,375.47139197749993,99632149
1662471000,376.1912073698387,376.1912073698387,368.19019902,371.21168674,76637400
1662557400,373.70144705491936,377.83052219,369.87749256,373.71655930500003,70964232
1662643800,373.7090031799597,379.9822954,373.59333,376.97502645,80821681
1662730200,375.34201481497985,386.28594821,375.34201481497985,383.74315894000006,76706918
1662989400,379.54258687748995,390.28616097,379.54258687748995,388.6320445575,69256262
1663075800,384.087315717495,384.087315717495,371.50791103,376.78544291000003,122947081
1663162200,380.4363793137475,380.4363793137475,370.74957686,373.57200185499994,85023747
1663248600,377.00419058437376,377.00419058437376,368.5314494,371.54108814750003,87633840
1663335000,374.2726393659369,374.2726393659369,363.69711228,365.98622158250004,103084819
1663594200,370.12943047421845,370.12943047421845,363.76221626,366.81391781750006,73278490
1663680600,368.47167414585925,368.47167414585925,362.82620375,365.6066863075,77274882
1663767000,367.0391802266796,370.550163,359.19503869,364.113530295,106746554
1663853400,365.5763552608398,365.5763552608398,355.44489705,357.5341257025,89472641
1663939800,361.5552404816699,361.5552404816699,345.78399916,350.3717358925,122346933
1664199000,355.963488187085,355.963488187085,345.53643271,348.35386938749997,92581244
1664285400,352.1586787872925,352.55138675,343.48061267,348.04693362,108294074
1664371800,350.10280620364625,354.35983068,345.12724847,349.7459191075,110802217
1664458200,349.92436265557313,349.92436265557313,342.36699193,346.55734689999997,112952315
1664544600,348.2408547777866,348.27774817,339.83517042,343.11178529,153711243
1664803800,345.67632003389326,350.79053344,341.90060376,346.3289118775,89756479
1664890200,346.0026159556966,359.7851625,346.0026159556966,355.72513447,103602775
1664976600,350.8638752128483,361.17480889,350.8638752128483,357.14150300250003,88065669
1665063000,354.0026891076742,360.47046757,354.0026891076742,356.98207439249995,82333543
1665149400,355.4923817500871,355.4923817500871,343.54723956,348.83772332499996,107789498
1665408600,352.1650525375435,352.1650525375435,340.43481236,344.04694117500003,76042765
1665495000,348.10599685627176,348.10599685627176,338.56925966,341.39495331750004,92482785
1665581400,344.7504750868859,344.7504750868859,339.1308291,340.4747646925,76991799
1665667800,342.61261988969295,349.80064833,331.33548391,340.46217697,147254518
1665754200,341.53739842984646,352.41813298,339.75902541,345.84110792,123737013
1666013400,343.68925317492324,350.24790507,340.06436689,346.48136846,93168231
1666099800,345.0853108174616,357.35804037,345.0853108174616,354.3669692775,97162850
1666186200,349.72614004748084,353.93151501,347.93509564,350.95472111,79746863
1666272600,350.34043057874044,354.71200135,347.0403918,349.96245648,88283087
1666359000,350.1514435293702,356.73936218,346.02195231,351.6352671175,131038379
1666618200,350.8933553234351,361.74589645,350.8933553234351,358.8166931775,85436907
1666704600,354.8550242504675,366.68580384,354.8550242504675,363.50460818249996,78846348
1666791000,359.17981621648374,368.9035272,359.17981621648374,364.6798587925,104087348
1666877400,361.92983750449184,366.44785069,361.05107326,363.44488194499996,81971756
1666963800,362.6873597247459,370.75004364,361.38420767,365.9933601775,100301958
1667223000,364.34035995112293,369.68401353,364.34035995112293,367.94933506999996,96631258
1667309400,366.1448475105615,371.5781206,364.82025115,368.4323799625,85407598
1667395800,367.28861373653075,369.90293043,356.70128968,362.2027665,126990356
1667482200,364.7456901182654,364.7456901182654,351.01896846,353.47107566750003,87100115
1667568600,359.1083828928827,360.61323946,352.17066171,357.45798069499995,103505182
1667831400,358.2831817939413,362.23132088,357.43418538,360.20396004500003,68286947
1667917800,359.2435709194707,366.56206821,359.2435709194707,363.10460894,84641062
1668004200,361.1740899297354,362.77385406,355.60670519,359.0260919525,78495470
1668090600,360.1000909411177,376.00404919,360.1000909411177,372.02118936749997,141455847
1668177000,366.0606401543088,380.10636149,366.0606401543088,377.64592592250006,93839872
1668436200,371.85328303840447,380.89627077,371.85328303840447,377.5816547775,71893165
1668522600,374.71746890795225,382.92372679,374.71746890795225,379.87792647000003,93194452
1668609000,377.29769768897614,378.61201571,375.76609604,377.108151805,68508454
1668695400,377.20292474698806,377.20292474698806,371.34016745,373.53647502750005,74496255
1668781800,375.36969988724405,378.64057009,374.10042399,377.06532023750003,92922451
1669041000,376.21751006237207,376.74646302,373.7387352,375.4210639725,51243189
1669127400,375.81928701743607,380.79166656,375.81928701743607,378.7625686675,60429025
1669213800,377.290927842468,383.5138506,377.290927842468,381.72682244249995,68261628
1669386600,379.508875142484,383.49481435,379.508875142484,382.7726265375,30545434
1669645800,381.140750839992,381.49600789,376.07067607,378.5644250825,68021749
1669732200,379.852587961246,379.852587961246,374.34789527,376.41332860499995,52310039
1669818600,378.132958283123,388.03496044,374.51922153,381.7553768175,144566653
1669905000,379.9441675503115,390.24316567,379.9441675503115,388.07779201,76398170
1669991400,384.0109797801557,388.20628671,382.76191864,385.28422203,85342731
1670250600,384.64760090507787,385.4174758,378.98322263,382.3050486,77289815
1670337000,383.47632475253897,383.47632475253897,372.76788635,377.12718805500003,77972217
1670423400,380.3017564037695,380.3017564037695,373.08198451,374.46925137249997,65927896
1670509800,377.38550388813474,378.21225442,374.31781799,376.44388179249995,60737912
1670596200,376.91469284031734,378.4597257,374.20512338,375.72564400749997,81447733
1670855400,376.3201684239086,379.72563645,374.45449828,377.25615866250007,75405835
1670941800,376.78816354320435,390.70955385,376.78816354320435,385.90052069,123782534
1671028200,381.3443421166022,385.96000898,377.21285119,381.396067565,108111349
1671114600,381.3702048408011,381.3702048408011,369.19383004,372.888052695,117705889
1671201000,377.1291287679005,377.1291287679005,364.34446663,367.1903101625,119857952
1671460200,372.1597194652003,372.1597194652003,361.70539796,364.68630252,79878103
1671546600,368.42301099260015,368.42301099260015,361.29423871,363.31417804499995,74427240
1671633000,365.8685945188,370.43536064,365.8685945188,368.03055711750005,78167369
1671719400,366.94957581815004,369.2911905,358.34919106,364.48631657500005,100120855
1671805800,365.71794619657504,366.27595892,361.46635188,364.22255313249997,59857329
1672151400,364.9702496645375,366.36201551,363.01537045,365.020967025,51638180
1672237800,364.99560834476875,366.59149974,359.92689515,362.82413359000003,70911520
1672324200,363.9098709673844,367.50943667,362.4703454,364.90383445,66970877
1672410600,364.4068527086922,365.81699046,361.8488256,364.325342945,84022205
1672756200,364.3660978268461,369.49830002,361.27607121,365.60925942,74850731
1672842600,364.98767862342305,368.97239866,363.35003496,366.41460565,85934098
1672929000,365.7011421367115,365.7011421367115,362.16436642,363.756413285,76970456
1673015400,364.72877771085575,372.19473976,362.78846792,367.9762219475,104189603
1673274600,366.3524998291779,376.4497599,366.3524998291779,372.816259555,73978071
1673361000,369.58437969208893,373.53339778,369.34531053,371.656886085,65358094
1673447400,370.6206328885445,378.26651008,370.6206328885445,376.4330266775,68881080
1673533800,373.5268297830222,381.02510179,373.5268297830222,378.77687345,90157699
1673620200,376.15185161651107,381.61315514,376.10553355,378.78284959999996,63903932
1673965800,377.4673506082555,382.6936434,377.4673506082555,380.92948336,62677281
1674052200,379.1984169841278,382.58846312,374.13579389,378.1469870375,99632262
1674138600,378.6727020108139,378.6727020108139,370.29193299,372.036969345,86958919
1674225000,375.354835677907,378.68723117,371.36285941,375.3979571675,91806356
1674484200,375.37639642270346,385.00282849,375.37639642270346,381.449408575,84178797
1674570600,378.41290249885174,383.57333296,378.41290249885174,381.9645528675,59524911
1674657000,380.1887276831759,383.14305002,376.3158941,380.2171260525,84800251
1674743400,380.20292686783796,387.17814778,380.20292686783796,385.5406821625,72287425
1674829800,382.87180451516895,390.27618492,382.87180451516895,387.4781506025,68346180
1675089000,385.1749775588345,387.37894648,382.74145261,384.57732647500006,74202018
1675175400,384.8761520169173,388.7176045,383.20998292,386.037897995,86811786
1675261800,385.4570250059586,395.54476042,384.72075412,390.13060585750003,101459155
1675348200,387.7938154317293,399.98145559,387.7938154317293,397.4929859375,101654463
1675434600,392.6434006846147,398.70016862,392.6434006846147,394.9041169375,94736781
1675693800,393.77375881105735,393.77375881105735,390.21881386,391.7989084175,60295325
1675780200,392.78633361427865,398.24120016,389.71203618,393.97661816749996,90990745
1675866600,393.3814758908893,396.36707892,391.96863113,394.00530369499995,76227462
1675953000,393.69338979294463,396.4053263,388.02915181,392.48497065749996,78694859
1676039400,393.0891802252223,393.0891802252223,387.26420436,389.011631175,70769715
1676298600,391.0504057001111,394.87543141,390.35267966,392.6953312025,64913539
1676385000,391.8728684513055,396.86429476,390.61180561,393.8143058825,88389313
1676471400,392.84358716690275,395.9176723,391.52878635,393.9144661875,61685279
1676557800,393.3790266772014,394.81806035,390.25706123,391.58615741000006,76431469
1676644200,392.48259204360073,392.48259204360073,386.34626743,388.4211873675,89257815
1676989800,390.45188970555034,390.45188970555034,381.34542353,383.700027375,82655924
1677076200,387.07595854027517,387.07595854027517,379.62429179,381.5677363825,83742293
1677162600,384.3218474613876,384.57732647,378.88802987,382.6338818775,96242399
1677249000,383.4778646694438,383.4778646694438,376.39238884,378.3358334375,108194413
1677508200,380.9068490534719,383.70719876,379.36612203,381.43148012,80444736
1677594600,381.169164586736,381.78526831,378.79241144,379.82509049,96438567
1677681000,380.497127538368,380.497127538368,376.14378093,377.74538963500004,99706823
1677767400,379.121258586684,381.22111957,375.13978741,378.05375906999996,85404726
1677853800,378.587508828342,386.72874115,378.587508828342,384.237881045,90119952
1678113000,381.41269493667096,389.59729406,381.41269493667096,387.488907675,72795946
1678199400,384.4508013058355,386.9391017,380.20278329,383.665365695,108310596
1678285800,384.05808350041775,384.05808350041775,379.21313254,380.946216585,74746632
1678372200,382.5021500427089,383.88887378,373.41865566,378.48404200749997,111945322
1678458600,380.4930960251044,380.4930960251044,367.48075114,371.5684390375,189285696
1678714200,376.0307675313022,376.0307675313022,363.97155475,367.703063995,157789967
1678800600,371.8669157631511,376.21071383,370.09113429,373.56447376999995,149752357
1678887000,372.71569476657555,372.71569476657555,366.89747872,370.131772125,172996933
1678973400,371.4237334457878,379.09839042,369.36443422,374.2720501525,143759805
1679059800,372.8478917991439,378.55855403,372.8478917991439,375.813428615,140553411
1679319000,374.33066020707196,378.3377922,374.33066020707196,376.442119925,93056894
1679405400,375.386390066036,383.36732268,375.386390066036,381.80759233000003,91524248
1679491800,378.59699119801803,386.32361159,376.32214067,380.4302304525,111748133
1679578200,379.513610825259,383.25214259,374.67122608,378.6305415825,119351319
1679664600,379.0720762038795,379.94071508,373.75938372,377.41419187,107770124
1679923800,378.24313403693975,382.89700399,378.24313403693975,381.3156773725,74010408
1680010200,379.77940570471986,380.56460722,377.87707185,379.5063901675,62871680
1680096600,379.64289793610993,385.46935928,379.64289793610993,384.3067602699999,77497876
1680183000,381.97482910305496,388.10890295,381.97482910305496,387.269048145,69840049
1680269400,384.6219386240275,393.24401518,384.6219386240275,390.7244507675,112062624
1680528600,387.67319469576375,394.84693806,387.67319469576375,393.4383815775,67391097
1680615000,390.5557881366319,395.3748468,390.5557881366319,393.39998821499995,66601534
1680701400,391.9778881758159,392.28418112,389.57744906,391.15397651,65200243
1680787800,391.56593234290796,393.03285168,389.38356258,391.4006538625,63743345
1681133400,391.483293102704,393.23441684,389.66383413,391.5835022525,63681042
1681219800,391.533397677602,394.66456959,391.533397677602,393.5511620775,59297945
1681306200,392.542279877551,395.61480531,391.0747902,393.41918489500006,86420379
1681392600,392.9807323862755,397.21772819,391.60481057,394.60750745499996,85814754
1681479000,393.79411992063774,398.41752077,393.58955544,396.0323331275,78161500
1681738200,394.9132265240689,397.33290828,394.57338535,396.25669433750005,66436399
1681824600,395.58496043078446,399.02221623,395.58496043078446,397.9208546375,63559997
1681911000,396.7529075341422,398.40792243,395.60520697,396.79540120499996,55227330
1681997400,396.7741543695711,397.08335143,393.79112059,395.22607251499994,75840359
1682083800,396.0001134422855,396.10432068,393.69513719,395.2692650475,73457422
1682343000,395.6346892448928,396.47865597,394.10786583,395.52122149,64332095
1682429400,395.5779553674464,395.5779553674464,389.71182583,392.05382094000004,97766721
1682515800,393.8158881537232,393.8158881537232,387.56179753,389.3806830775,80447049
1682602200,391.59828561561164,396.11391902,390.40290635,393.2536135175,92968369
1682688600,392.4259495665558,399.23337972,392.4259495665558,397.08095184,89433137
1682947800,394.7534507032779,400.84590095,394.7534507032779,399.25857537,62122254
1683034200,397.00601303663893,398.15836558,391.43952714,395.51162315,103998484
1683120600,396.25881809331946,397.24652322,391.39153544,393.77672308250004,91531769
1683207000,395.01777058790975,395.01777058790975,387.52340417,389.46946773,94901863
1683293400,392.24361915895486,397.10254811,392.22659107,394.4678036075,87891791
1683552600,393.35571138322746,396.64182776,393.35571138322746,395.98674101250003,50046768
1683639000,394.67122619786375,395.53801859,394.193675,394.6932206375,49220119
1683725400,394.6822234176819,397.88481287,392.44735291,395.9639449525,96142922
1683811800,395.3230841850909,395.86436217,393.50317037,395.0868965775,70157064
1683898200,395.2049903812955,397.02576138,392.63931972,395.38444513750005,70481548
1684157400,395.29471775939777,396.82419623,393.75272723,395.6651965975,54289383
1684243800,395.4799571784489,396.23389828,393.76232557,394.7713511275,57705495
1684330200,395.12565415297445,399.15179383,394.14146003,396.90818171,87286957
1684416600,396.0169179314872,402.81356078,396.0169179314872,400.36358433500004,97177195
1684503000,398.19025113324363,403.82138654,398.19025113324363,402.3768362775,103793317
1684762200,400.2835437053718,403.5046413,400.2835437053718,401.971306385,60745399
1684848600,401.1274250451859,401.90363808,397.06415474,399.1882675225,86383493
1684935000,400.1578462838429,400.1578462838429,393.41630539,395.0219877975,89213678
1685021400,397.5899170406715,399.44454322,395.84526147,397.84164433,90961606
1685107800,397.71578068533574,403.86937824,397.71578068533574,401.05946402750004,93829975
1685453400,399.38762235641786,405.6066779,399.38762235641786,403.976159785,72215960
1685539800,401.68189107070896,402.38163545,399.50213326,401.10745572999997,110811780
1685626200,401.39467340035446,405.93302148,400.04923868,403.0391217825,88865018
1685712600,402.21689759142726,411.51925572,402.21689759142726,409.15566434000004,91426171
1685971800,405.68628096571365,412.4119014,405.68628096571365,410.66980257499995,70316043
1686058200,408.1780417703568,411.36299473,408.1780417703568,410.15321988000005,64022175
1686144600,409.1656308251784,412.36390969,408.99489213,410.50183161,85373275
1686231000,409.8337312175892,412.34471301,408.71654026,410.60981294500004,61952842
1686317400,410.2217720812946,414.63871642,410.2217720812946,412.9014167675,85647268
1686576600,411.5615944243973,416.4528028,411.5615944243973,414.8330828175,76256703
1686663000,413.19733862094864,419.76423031,413.19733862094864,418.47325349749997,95899704
1686749400,415.83529605922433,421.42589504,415.83529605922433,419.1694211425,100612080
1686835800,417.5023586008622,426.0703401,417.5023586008622,422.1014262525,110303091
1686922200,419.8018924266811,427.37187478,419.8018924266811,425.1142907525,114165849
1687267800,422.45809158959054,422.45809158959054,419.10801993,421.01314397,76160359
1687354200,421.73561777979523,421.73561777979523,418.43363974,419.66197508749997,76982251
1687440600,420.6987964336476,420.6987964336476,417.73035755,419.24289597,70637175
1687527000,419.9708462018238,419.9708462018238,416.64171524,417.554536995,92074537
1687786200,418.7626915984119,418.7626915984119,415.40856289,416.6368982375,72823560
1687872600,417.69979491795596,420.82287242,416.07330908,418.4071462375,72813699
1687959000,418.053470577728,421.42981459,418.053470577728,419.87151465,75635976
1688045400,418.962492613864,422.23907081,418.962492613864,420.97942495999996,67882304
1688131800,419.970958786932,428.03874045,419.970958786932,426.3359304675,104964019
1688391000,423.153444627216,427.82679239,423.153444627216,427.12832719,32793378
1688563800,425.14088590860797,427.64278293,425.14088590860797,426.504284665,58418432
1688650200,425.822585286804,425.822585286804,421.06372248,422.990523025,80658302
1688736600,424.406554155902,426.439496,422.25833882,423.44332115500004,86134178
1688995800,423.924937655451,423.924937655451,421.56950763,422.7556942125,62443501
1689082200,423.3403159339755,426.75741809,423.3403159339755,425.17744164249996,64463752
1689168600,424.2588787882377,431.10225697,424.2588787882377,429.869176875,91924527
1689255000,427.0640278316189,433.89621409,427.0640278316189,432.39571817,72425241
1689341400,429.72987300080945,434.84034636,429.72987300080945,433.434986215,69815823
1689600600,431.5824296079047,435.38948451,431.5824296079047,433.7661550575,52680221
1689687000,432.67429233270235,438.21224731,432.67429233270235,435.8418972825,80744448
1689773400,434.2580948076012,439.72478573,434.2580948076012,438.5282185125,65891688
1689859800,436.39315666005064,438.44346337,434.91741838,436.6346793625,70591642
1689946200,436.51391801127534,437.54268412,435.62070058,436.53472658749996,71275618
1690205400,436.5243222993877,438.38565936,435.74401581,437.1207148025,54023382
1690291800,436.82251855094387,440.01862282,436.82251855094387,438.33869359500005,55191240
1690378200,437.58060607297193,440.26428989,436.78641491,438.4314208725,71052885
1690464600,438.00601347273596,442.62462055,435.02339241,438.9492485175,92194375
1690551000,438.477630995118,441.0253761,435.93072279,439.0869665875,80011790
1690810200,438.782298791309,441.3914682,438.782298791309,440.6123182325,62040449
1690896600,439.6973085119045,440.51477396,438.81918948,439.66939021999997,55502199
1690983000,439.68334936595227,439.68334936595227,432.90381548,435.0354108325,93933369
1691069400,437.35938009922614,437.35938009922614,430.99637928,432.3355056575,64419692
1691155800,434.84744287836304,436.31916578,429.93663898,432.73411252,100128902
1691415000,433.7907776991815,434.36346323,431.59368745,433.114655625,58357464
1691501400,433.4527166620908,434.19987786,428.97372041,431.7949658475,71361324
1691587800,432.62384125479537,432.75930543,428.67458463,430.8662961575,78789575
1691674200,431.74506870614766,435.16790245,428.42410055,431.242046345,93005495
1691760600,431.4935575255738,431.4935575255738,427.11869319,428.63260446000004,68690902
1692019800,430.0630809927869,431.70929548,428.11581247,429.989625995,47867441
1692106200,430.02635349389345,430.29309708,426.1119399,428.255505505,75707534
1692192600,429.1409294994467,429.1409294994467,423.44332115,425.2954581725,80107206
1692279000,427.21819383597335,427.21819383597335,419.80166813,422.6027544175,95711315
1692365400,424.9104741267367,424.9104741267367,417.16195139,419.187500455,98851960
1692624600,422.04898729086835,424.00209331,419.38740601,422.04639076,68718957
1692711000,422.0476890254342,425.0329316,421.55505662,423.43368714999997,65062861
1692797400,422.7406880877171,427.43179828,422.7406880877171,425.112412125,68441021
1692883800,423.92655010635855,428.9250687,420.86622543,424.77642628,88517272
1692970200,424.3514881931793,425.14853963,419.07911793,422.6798264375,102325103
1693229400,423.5156573153397,427.1716802,423.5156573153397,425.9127087275,61595393
1693315800,424.71418302141984,433.00025184,424.71418302141984,429.6090828875,83081916
1693402200,427.16163295445995,435.13900044,427.16163295445995,433.7637465575,69053911
1693488600,430.46268975597997,436.25654476,430.46268975597997,434.7319638325,66084563
1693575000,432.59732679423996,437.06580099,432.59732679423996,435.3870760125,58944098
1693920600,433.99220140337,434.55132628,432.73049977,433.57829200749995,55166210
1694007000,433.785246705435,433.785246705435,427.56667431,430.38462010750004,70758512
1694093400,432.0849334064675,432.0849334064675,426.54547003,427.812341385,70355426
1694179800,429.9486373957337,430.74589521,428.26032251,429.2092717775,62068437
1694439000,429.5789545866169,432.34513966,429.5789545866169,431.5864378575,60180118
1694525400,430.5826962220584,432.11392359,429.08884674,430.3653520975,67565422
1694611800,430.4740241597792,431.32393537,428.78951828,430.0424444175,60199272
1694698200,430.25823428863964,434.57059428,430.25823428863964,433.10261312,83430814
1694784600,431.6804237043198,432.62317085,428.21456787,430.44545633,111848859
1695043800,431.0629400171599,431.0629400171599,427.86652027,428.82606817499993,55752213
1695130200,429.9445040960799,429.9445040960799,425.33350716,427.474966715,66514648
1695216600,428.70973540553996,429.6792682,423.87364082,426.72448907,82562602
1695303000,427.71711223777,427.71711223777,416.91268875,419.1774151725,104095826
1695389400,423.447263705135,423.447263705135,415.71385812,417.4057561925,100829684
1695648600,420.4265099488175,420.4265099488175,414.48602352,416.30118845000004,70874534
1695735000,418.3638491994088,418.3638491994088,410.9088676,413.2606059175,96168436
1695821400,415.8122275584544,415.8122275584544,408.26950661,411.6388007675,104705847
1695907800,413.7255141629772,415.96512915,410.76384776,413.09380893499997,92258308
1695994200,413.4096615489886,417.51210407,411.76931862,414.97667396249994,115111319
1696253400,414.1931677557443,414.37000765,410.36746022,412.579012695,83798599
1696339800,413.3860902253722,413.3860902253722,406.22956093,409.4883741475,103760607
1696426200,411.43723218643606,411.43723218643606,406.59694451,409.1299334575,87452968
1696512600,410.283582821968,411.24724721,407.18678852,409.77773705749996,70142744
1696599000,410.030659939734,416.81117487,406.63561647,411.67143023000006,113273309
1696858200,410.851045084867,418.50790694,410.851045084867,415.66554235,80374362
1696944600,413.2582937174335,422.70381415,413.2582937174335,419.8880123625,78607268
1697031000,416.57315303996677,422.08506286,416.57315303996677,420.973244125,62451736
1697117400,418.77319858248336,422.81499603,416.91268875,420.3581183275,81154230
1697203800,419.56565845499165,421.959379,415.60751024,418.87529051750005,95201132
1697463000,419.22047448624585,422.62647024,419.17499818,420.6952894425,75433194
1697549400,419.9578819643729,423.59326914,418.09218341,420.41733476,75324708
1697635800,420.18760836218644,420.7315444,414.84373911,417.81906272000003,93559798
1697722200,419.00333554109324,419.00333554109324,411.59046082,414.73859973000003,121322957
1697808600,416.87096763554666,416.87096763554666,407.09967994,409.63027605499997,123919874
1698067800,413.2506218452733,413.2506218452733,403.92857956,406.6162804925,92035095
1698154200,409.9334511688867,410.71550782,406.77096832,408.91726187000006,78564239
1698240600,409.42535651944337,409.42535651944337,403.16964242,405.6627750775,94223198
1698327000,407.5440657984717,407.5440657984717,397.93442639,400.7200157125,115156761
1698413400,404.13204075548583,404.13204075548583,395.62377702,398.48550175749995,107367671
1698672600,401.3087712564929,402.84576479,398.5338417,400.75022817750005,86562675
1698759000,401.0294997169965,404.63434275,400.45777151,402.9424446775,79665150
1698845400,401.98597219724826,409.43933327,401.98597219724826,407.024728855,98068115
1698931800,404.5053505261241,416.6081471,404.5053505261241,414.4703130375,94938909
1699018200,409.487831781812,421.80469118,409.487831781812,419.86384239000006,100167775
1699281000,414.67583708590604,421.66914597,414.67583708590604,420.79675498500006,67831660
1699367400,417.73629603545305,423.05669575,417.73629603545305,421.6971348,64256114
1699453800,419.7167154177265,423.54492919,419.7167154177265,422.43311045999997,61746027
1699540200,421.07491293886324,423.91231278,419.01064236,421.55815746,83174417
1699626600,421.31653519943166,426.29063806,419.42974969,423.30165842249994,89558054
1699885800,422.3090968109658,426.67735762,422.3090968109658,425.1909043175,52236068
1699972200,423.7500005642329,435.117512,423.7500005642329,432.93254649249997,97176935
1700058600,428.3412735283664,436.39368655,428.3412735283664,435.0522530775,77327573
1700145000,431.69676330293316,435.60091145,431.69676330293316,434.60752558499996,66665797
1700231400,433.15214444396656,436.4323585,433.15214444396656,435.4800615875,83193902
1700490600,434.3161030157333,440.01434842,434.3161030157333,437.5816406925,70055633
1700577000,435.94887185411665,439.05335032,435.94887185411665,438.0916512825,49244639
1700663400,437.02026156830834,441.22768104,437.02026156830834,439.95863663499995,59446573
1700836200,438.48944910165415,440.37689801,438.48944910165415,440.03851839500004,29737375
1701095400,439.26398374832706,440.3673267,439.00394689,439.579288915,50505985
1701181800,439.42163633166354,441.12133316,438.44330021,439.598624895,62115011
1701268200,439.51013061333174,443.1032709,439.12005944,440.92797338,63145992
1701354600,440.2190519966659,441.59506462,438.28861239,440.372064015,79752700
1701441000,440.29555800583296,444.38911343,440.04818638,442.23315189,89183400
1701700200,441.26435494791644,443.8772901,439.25541129,441.2834169975,72430888
1701786600,441.27388597270823,442.3975077,439.7678147,440.93764136749996,69793469
1701873000,441.1057636701041,443.60600633,439.22640732,441.51772070749996,69124685
1701959400,441.31174218880204,443.66401426,441.14066914,442.3902567125,66995446
1702045800,441.850999450651,445.44775823,441.850999450651,443.6676397575,83194404
1702305000,442.7593196040755,446.82544666,442.7593196040755,445.5299361325,65002247
1702391400,444.1446278682877,448.78804842,444.1446278682877,447.27259114750007,68327617
1702477800,445.7086095078939,455.13015251,445.7086095078939,451.94703965,93277960
1702564200,448.827824578947,458.00164192,448.827824578947,456.2058129625,119026049
1702650600,452.5168187707235,456.91736496,452.5168187707235,455.49679071750006,141553673
1702909800,454.0068047441118,459.13060395,454.0068047441118,457.650961465,70375285
1702996200,455.82888310455587,461.01379853,455.82888310455587,459.81496073999995,55761805
1703082600,457.8219219222779,461.96024941,454.12169466,457.6781658625,102920959
1703169000,457.75004389238893,459.12575035,455.11182789,457.65632468749993,86667465
1703255400,457.70318428994443,461.4603292,457.70318428994443,459.7785587825,67160419
1703601000,458.74087153622224,462.62519183,458.74087153622224,461.16183315250004,55386952
1703687400,459.9513523443611,462.70284933,459.9513523443611,461.9408350325,68000311
1703773800,460.94609368843055,463.56678911,460.94609368843055,462.88243232,77158116
1703860200,461.9142630042153,463.06201531,459.44123398,461.608363825,122283149
1704205800,461.7613134146077,461.7613134146077,456.713514,458.414698795,123007793
1704292200,460.08800610480387,460.08800610480387,454.46144626,455.89325656999995,103585866
1704378600,457.9906313374019,457.9906313374019,453.37424114,454.68228479749996,84232169
1704465000,456.33645806745096,456.66497806,452.77239545,454.3643743725,86118913
1704724200,455.3504162199755,460.84877632,454.58763971,457.71335442000003,74879074
1704810600,456.53188531998774,461.02350571,456.53188531998774,459.15729871499997,65931439
1704897000,457.8445920174938,463.46787286,457.8445920174938,461.58606156,67310640
1704983400,459.7153267887469,464.12009886,458.43168637,462.1398323975,77940723
1705069800,460.9275795931235,464.58604391,460.9275795931235,463.11783164249994,58026420
1705415400,462.0227056178117,462.65411925,459.20826146,461.05743234,85014870
1705501800,461.5400689789059,461.5400689789059,456.11166831,457.880803425,68843871
1705588200,459.7104362019529,463.09113688,458.58700139,461.08660244250007,91856248
1705674600,460.3985193222265,468.58540559,460.3985193222265,465.78425073,110834483
1705933800,463.09138502611324,471.01220273,463.09138502611324,469.696878685,75844931
1706020200,466.3941318555566,470.90057006,466.3941318555566,470.03784368,49945297
1706106600,468.2159877677783,474.45825467,468.2159877677783,472.4614617149999,81765039
1706193000,470.3387247413891,474.0068704,470.3387247413891,473.05556592,72524989
1706279400,471.6971453306945,474.79800626,471.6971453306945,473.38561033,76641609
1706538600,472.5413778303473,477.02580604,472.5413778303473,475.06616735,61322751
1706625000,473.80377259017365,477.2248034,473.80377259017365,476.42396034750004,58618386
1706711400,475.1138664688368,475.1138664688368,468.72130623,471.63377828,126011062
1706797800,473.3738223744184,474.90478534,469.63378196,472.46342742,91891637
1706884200,472.9186248972092,481.52508793,472.9186248972092,477.9212941825,99228192
1707143400,475.41995953985463,479.90185186,475.41995953985463,478.285993255,75757102
1707229800,476.8529763974273,479.84574431,476.8529763974273,479.01820648750004,55918602
1707316200,477.93559144246365,483.93247069,477.93559144246365,482.51522116000007,70556506
1707402600,480.2254063012318,484.10720008,480.2254063012318,483.5126347825,52343636
1707489000,481.8690205418659,486.96111352,481.8690205418659,485.40310975250003,63979375
1707748200,483.636065147183,488.7569434,483.636065147183,486.78881092,56502283
1707834600,485.2124380335915,485.2124380335915,476.34630284,479.63582635750004,113099199
1707921000,482.4241321955458,484.45665887,479.92340182,482.6486950025,68387827
1708007400,482.5364135990229,487.49500889,482.5364135990229,485.9163773475,61682960
1708093800,484.22639547326145,488.14539052,484.14602884,486.0462109975,75532928
1708439400,485.13630323538075,485.13630323538075,479.97193776,482.28710223250005,71736740
1708525800,483.7117027339404,483.7117027339404,479.10799798,481.3697729125,59603771
1708612200,482.5407378232202,493.60083048,482.5407378232202,490.94591441500006,76402535
1708698600,486.7433261191101,495.1928094,486.7433261191101,493.69547557,61321818
1708957800,490.219400844555,493.85321738,490.219400844555,492.37287112999996,50386738
1709044200,491.29613598727747,492.30977441,489.97034197,491.557467295,48854528
1709130600,491.4268016411387,492.01370515,490.17419292,491.0393461025,56506634
1709217000,491.23307387181933,494.81422905,490.55277328,492.94074166,83924795
1709303400,492.0869077659097,498.26028099,492.0869077659097,495.95967729999995,76844844
1709562600,494.0232925329548,499.14363514,494.0232925329548,497.62203333749994,49799257
1709649000,495.8226629352274,495.8226629352274,490.12565698,493.37513834749996,72855623
1709735400,494.5989006413637,497.07503326,493.53288016,495.25809024499995,68382367
1709821800,494.9284954431818,500.78415001,494.87761699,498.37805345,58652085
1709908200,496.6532744465909,503.04602201,496.16352826,499.0781358875,86532535
1710163800,497.86570516704546,497.86570516704546,493.61053767,495.58595054,62557183
1710250200,496.72582785352273,502.2305211,495.90143417,499.548910265,73114439
1710336600,498.13736905926135,502.1431564,498.13736905926135,501.09963363500003,55104088
1710423000,499.6185013471307,501.98298779,496.83332427,500.1301281775,110171820
1710509400,499.87431476231535,499.87431476231535,494.77606099,496.57114104999994,107646297
1710768600,498.2227279061576,501.94080146,498.2227279061576,500.20268489,88893331
1710855000,499.2127063980788,502.44227487,497.69531785,500.2501544625,60755263
1710941400,499.7314304302894,506.9457982,499.7314304302894,504.38244141,69594574
1711027800,502.0569359201447,510.34413257,502.0569359201447,509.1683478275,60256112
1711114200,505.6126418738223,508.87866173,505.6126418738223,508.02055796,79070842
1711373400,506.8165999169112,507.26713068,505.96232608,506.37372902499993,48512108
1711459800,506.5951644709555,507.88058359,504.784107,506.3469513175,65463744
1711546200,506.4710578942278,509.46777127,505.84060923,508.1860928725,82999777
1711632600,507.3285753833639,510.83099995,507.3285753833639,509.669821235,96294886
1711978200,508.4991983091819,510.60704095,507.28660537,509.1026207275,62477540
1712064600,508.800909518341,508.800909518341,502.91453624,504.52606729,74230308
1712151000,506.6634884041705,507.26713068,504.06841195,505.30627228,59155759
1712237400,505.98488034208526,510.10790451,499.2873742,504.689752105,96858074
1712323800,505.33731622354264,506.77052594,500.50941135,503.2602120825,74546483
1712583000,504.29876415302135,506.5173549,504.28750227,505.35374184750003,48401752
1712669400,504.8262530002607,507.07238372,500.84048117,505.10543948,68124385
1712755800,504.9658462401303,504.9658462401303,498.63984058,500.4631589425,82652806
1712842200,502.7145025913152,505.83574056,498.63010323,502.749001325,70099007
1712928600,502.7317519581576,502.7317519581576,495.70889891,499.06706671,92561094
1713187800,500.89940933407877,501.7655292,490.35335765,496.22984701,92101447
1713274200,498.5646281720394,498.5646281720394,489.01934101,491.0495780125,73484020
1713360600,494.8071030922697,494.8071030922697,486.01050056,489.77398545750003,75910305
1713447000,492.29054427488484,492.29054427488484,485.46520908,487.887374335,74548085
1713533400,490.0889593049424,490.0889593049424,480.88865564,484.1689246625,102212587
1713792600,487.12894198372123,489.18487592,482.41741924,485.73785482,67961048
1713879000,486.4333984018606,492.79743193,486.41245827,490.04487847249993,64633620
1713965400,488.23913843718026,494.04381244,488.23913843718026,492.33734225250004,55928076
1714051800,490.2882403448401,491.02523464,484.42331287,487.9457984175,69122368
1714138200,489.11701938117005,496.48788673,489.11701938117005,494.21665036499996,64306118
1714397400,491.666834873085,497.33503598,491.666834873085,496.1543825675,46415449
1714483800,493.91060872029254,496.1762916,488.79538201,492.2424031125,77483566
1714570200,493.0765059163963,494.84227496,486.73593296,489.24938584999995,80242839
1714656600,491.1629458831981,492.60268498,486.42920651,490.4263877575,62550179
1714743000,490.79466682034905,499.08775857,490.79466682034905,497.47135885,72756709
1715002200,494.13301283517455,503.04112176,494.13301283517455,501.5293985225,47264703
1715088600,497.83120567883725,504.94964192,497.83120567883725,503.8395842725,52561299
1715175000,500.83539497566863,504.14144205,500.83539497566863,502.77091035750004,42047214
1715261400,501.8031526665843,506.54403524,501.8031526665843,504.9940442225,43643668
1715347800,503.39859844454213,508.90787377,503.39859844454213,507.5288218975,52233171
1715607000,505.46371017102103,508.94195449,505.46371017102103,507.77347276250003,36716361
1715693400,506.61859146676056,510.07148683,506.61859146676056,508.4842991475,57535867
1715779800,507.5514453071303,516.15732917,507.5514453071303,513.856880765,59504897
1715866200,510.70416303606515,517.56125997,510.70416303606515,515.7463644075001,50244827
1715952600,513.2252637217827,515.61203769,513.2252637217827,514.8866052875001,59187585
1716211800,514.0559345046413,517.59855401,514.0559345046413,516.1670908574999,37764206
1716298200,515.1115126810706,517.55950724,515.1115126810706,516.37885383,33437001
1716384600,515.7451832555353,517.42318438,513.74246693,515.9479761925,48389968
1716471000,515.8465797240176,519.06879614,510.93811078,515.278533535,57211197
1716557400,515.5625566295088,516.34233878,513.04235163,514.726182485,41291076
1716903000,515.1443695572543,516.57603512,513.26533689,515.5195328925,36269602
1716989400,515.3319512248772,515.3319512248772,511.57103838,512.2964707875001,45190323
1717075800,513.8142110061887,513.8142110061887,507.63714989,509.667386895,46468510
1717162200,511.74079895059435,513.64509345,504.74515761,510.4366373675,90785755
1717421400,511.0887181590472,515.40755339,508.87379306,513.33593266,46835702
1717507800,512.2123254095236,515.25175583,511.17180712,513.39192241,34632661
1717594200,512.8021239097618,520.64624648,512.8021239097618,518.235133115,47610365
1717680600,515.5186285123809,521.35707286,515.5186285123809,520.3979441074999,30808530
1717767000,517.9582863099404,522.78846298,517.9582863099404,520.2409293774999,43224525
1718026200,519.0996078437202,521.91210168,518.58192876,520.315176655,35729252
1718112600,519.70739224936,522.90531115,518.07558667,520.9675789524999,36383411
1718199000,520.33748560093,529.8285654,520.33748560093,527.6206217975,63251305
1718285400,523.979053699215,529.05444625,523.979053699215,527.8896160300001,44760949
1718371800,525.9343348646075,528.55297285,525.67071791,527.3552790725,40089895
1718631000,526.6448069685538,534.12273575,526.6448069685538,530.519235475,55909364
1718717400,528.5820212217768,534.21037188,528.5820212217768,533.3632226275,41376417
1718890200,530.9726219246384,535.67097405,530.86072426,533.543363565,70328226
1718976600,532.2579927448191,533.03248415,530.46329981,531.80650455,64513859
1719235800,532.0322486474096,534.30242317,530.07254934,531.5769386475,45528654
1719322200,531.8045936474548,532.59288987,529.89671163,531.53297922,38273346
1719408600,531.6687864337274,533.60884109,530.47306857,532.0238594975001,38550637
1719495000,531.8463229656138,534.31219193,531.8463229656138,533.2058796675,35041480
1719581400,532.5261013165568,537.55542083,530.39491848,533.523364425,76144535
1719840600,533.0247328707784,533.25716567,529.97486172,532.243656635,40297810
1719927000,532.6341947528892,536.31478809,531.0787318,533.7089708975,40434792
1720013400,533.1715828251946,539.0695789,533.1715828251946,537.4357534975,32789911
1720186200,535.3036681613473,542.21512018,535.3036681613473,540.35417107,41488389
1720445400,537.8289196156736,543.38746927,537.8289196156736,542.4495948824999,36110451
1720531800,540.1392572490868,544.29586643,540.1392572490868,543.3336433974999,27314125
1720618200,541.7364503232934,548.68204045,541.7364503232934,546.2764828725,38701220
1720704600,544.0064665978966,549.32677872,542.97708359,546.0933185875,53054184
1720791000,545.0498925926984,550.63579279,544.26656014,546.66967553,53084405
1721050200,545.8597840613492,551.77590498,545.8597840613492,549.0110279200001,40584293
1721136600,547.4354059906746,552.09133829,547.4354059906746,550.7102796025,36475260
1721223000,549.0728427965873,549.0728427965873,543.73904701,545.30693327,57118956
1721309400,547.1898880332936,547.1898880332936,537.70195226,542.4398016975,56270392
1721395800,544.8148448653968,544.8148448653968,535.2402243,538.11224025,65509081
1721655000,541.4635425576985,542.43003294,538.2783092,540.6863089675,43346720
1721741400,541.0749257625993,543.86115653,540.48116497,541.7584305675,34439561
1721827800,541.4166781650497,541.4166781650497,527.79642786,532.2876160650001,74515266
1721914200,536.8521471150249,536.8521471150249,525.02209952,528.6524156025,61158288
1722000600,532.7522813587625,534.53687345,528.96867926,531.2741070325,53763788
1722259800,532.0131941956313,534.40011079,530.17023696,532.5318351075,39515824
1722346200,532.2725146515656,534.68340488,526.06247265,530.9602855625,46853632
1722432600,531.6164001070329,540.70096211,531.6164001070329,537.494341645,65663388
1722519000,534.5553708760165,542.03811022,526.95631435,534.8101057225,76428732
1722605400,534.6827382992583,534.6827382992583,516.37674539,521.2220512075,82789070
1722864600,527.9523947533792,527.9523947533792,498.47060512,503.7921380775,146267391
1722951000,515.8722664154395,517.50015298,505.89486404,510.1711394925,84826312
1723037400,513.0217029539698,519.29760514,506.07255782,512.0716276649999,70698340
1723123800,512.5466653094849,519.00454229,509.77306245,514.7380356025001,63276589
1723210200,513.6423504559925,522.15008357,513.6423504559925,519.177937815,45619558
1723469400,516.4101441354962,523.3418725,516.4101441354962,521.2025136825,42542069
1723555800,518.8063289089981,529.74041144,518.8063289089981,526.81222511,52333073
1723642200,522.809277009499,532.35843959,522.809277009499,530.365612195,42446929
1723728600,526.5874446022495,540.56419944,526.5874446022495,538.4565890975,60846812
1723815000,532.5220168498747,542.18581389,532.5220168498747,540.2149662125,44430728
1724074200,536.3684915311874,546.66967553,536.3684915311874,544.0736270975,39121793
1724160600,540.2210593143436,547.87123322,540.2210593143436,546.0774443475,33732264
1724247000,543.1492518309218,549.11186596,541.9025198,546.3741704875,41514600
1724333400,544.7617111592109,550.15712347,542.14673885,546.303346965,56121456
1724419800,545.5325290621054,550.06920461,544.40332281,547.5488640875,50639393
1724679000,546.5406965748027,550.87024308,546.12262487,548.7430952075,35788609
1724765400,547.6418958911513,549.06302216,545.40950527,547.3998904725,32693898
1724851800,547.5208931818256,548.66250292,542.20535142,546.1226248725,41066024
1724938200,546.8217590271628,550.64556156,544.29586643,546.9334320975,38715176
1725024600,546.8775955623314,551.15353717,544.25679138,548.4646855000001,62700110
1725370200,547.6711405311657,547.84192694,536.80322618,542.8671850249999,60600113
1725456600,545.2691627780828,545.2691627780828,536.75438237,538.5127594825,47224939
1725543000,541.8909611302913,541.8909611302913,534.4489546,537.6236800525,44264258
1725629400,539.7573205913957,539.7573205913957,526.96608311,532.7247681525,68493805
1725888600,536.2410443719479,536.2410443719479,530.13116191,532.751632245,40445822
1725975000,534.4963383084739,536.45155075,530.81497523,534.7615549725,36394579
1726061400,534.6289466404869,542.51795179,527.47405872,536.900913795,75248608
1726147800,535.7649302177434,546.46453153,535.7649302177434,543.6902032,51892735
1726234200,539.7275667088718,550.01059204,539.7275667088718,548.07637722,39310501
1726493400,543.9019719644359,550.08874214,543.9019719644359,548.9042797774999,36656122
1726579800,546.4031258709679,553.47850246,546.4031258709679,550.8470422675,49320970
1726666200,548.6250840692339,555.53971119,547.86146446,550.630908415,59044937
1726752600,549.627996242117,559.63282235,549.627996242117,557.53986515,75315470
1726839000,553.5839306960585,557.85076884,553.5839306960585,556.2168327475,77503110
1727098200,554.9003817217792,558.85268768,554.9003817217792,557.9003748475001,44116922
1727184600,556.4003782846396,559.85950587,556.1751882,558.7081565975,46805672
1727271000,557.5542674410698,560.37883788,557.45882015,559.01191683,38428587
1727357400,558.2830921355348,563.14207613,558.2830921355348,561.2925682575001,48336004
1727443800,559.7878301965175,562.66193899,558.93842645,560.854075665,42100928
1727703000,560.3209529307587,562.81871846,556.64552663,560.153467385,63655448
1727789400,560.2372101578794,562.50731523,554.60739345,559.036952555,72668778
1727875800,559.6370813564397,559.6370813564397,553.89208709,556.5034452275,38097798
1727962200,558.0702632919699,558.33335566,554.10765887,556.192948375,40846466
1728048600,557.131605833485,561.81924931,556.66512406,560.1902125725001,43005186
1728307800,558.6609092029926,560.44733091,555.22471263,557.9609799149999,49964690
1728394200,558.3109445589962,562.23079543,558.06624263,560.2171345475,37398693
1728480600,559.264039553248,566.08169129,559.264039553248,563.5634209675,37912244
1728567000,561.413730260374,565.95430797,561.413730260374,564.39876161,44138060
1728653400,562.9062459351869,568.6489552,562.9062459351869,566.3340082575,42267994
1728912600,564.6201270963435,573.48952149,564.6201270963435,571.15252744,36217215
1728999000,567.8863272681717,573.12696896,566.89988418,570.2400219025001,54203636
1729085400,569.0631745853359,571.0986345,567.30653094,569.2736234175,30725436
1729171800,569.1683990014179,574.32241245,569.1683990014179,572.3773670875,34393714
1729258200,570.7728830444589,573.6071061,570.7728830444589,572.399414205,37416801
1729517400,571.5861486247295,573.07797537,568.91361855,571.4930573600001,36439010
1729603800,571.5396029923647,572.73502027,568.69794878,570.59155088,34183835
1729690200,571.0655769361824,571.0655769361824,562.85301397,567.1922778974999,49314574
1729776600,569.1289274168412,569.1289274168412,564.96463753,567.3089806175,34979860
1729863000,568.2189540171705,572.6958254,566.44424383,569.082548435,47268176
1730122200,568.6507512260853,570.98104989,568.6507512260853,569.9521845849999,30174704
1730208600,569.3014679055426,571.17408462,566.78719893,569.0499676975,42899661
1730295000,569.1757178015214,571.57877164,567.62988861,569.2834221375,41435839
1730381400,569.2295699695107,569.2295699695107,556.99828045,560.55276511,60182451
1730467800,564.8911675397553,564.8911675397553,559.1344008,560.6164567725,45667533
1730730600,562.7538121561277,562.7538121561277,556.459351,558.8649360725,38216975
1730817000,560.8093741143139,565.13121572,559.03641362,562.1279088975,39478322
1730903400,561.4686415059069,580.01546715,561.4686415059069,577.52659298,68181968
1730989800,569.4976172429535,584.64046166,569.4976172429535,582.617002065,47233212
1731076200,576.0573096539767,587.57027811,576.0573096539767,585.513772335,46444893
1731335400,580.7855409944884,588.08961012,580.7855409944884,586.879468545,37586773
1731421800,583.8325047697442,587.227323,582.40635414,585.2871769975,43006128
1731508200,584.5598408836221,587.1685307,582.98447846,585.1671427125,47388640
1731594600,584.863491798061,585.77711286,580.72097478,583.3004870875,38904109
1731681000,584.0819894427805,584.0819894427805,572.10790237,575.5595005025,75988766
1731940200,579.8207449726402,579.8207449726402,573.55811251,575.4786610825,37084081
1732026600,577.6497030275701,579.14828067,572.27448056,575.6954577,49412046
1732113000,576.6725803637851,578.89841339,572.86240359,577.2179333875,50032576
1732199400,576.9452568756426,583.14125793,575.62564184,580.4858055699999,46750285
1732285800,578.7155312228213,584.1505258,578.7155312228213,582.64948481,38226390
1732545000,580.6825080164106,588.7657216,580.6825080164106,586.2352028875,42441393
1732631400,583.4588554519553,589.22626131,583.4588554519553,587.641318805,45621288
1732717800,585.5500871284776,588.75592289,585.25778085,587.2910146675,34000163
1732890600,586.4205508979887,591.20560219,586.4205508979887,589.133295985,30177351
1733149800,587.7769234414943,592.15607776,587.7769234414943,591.2031525075,31745989
1733236200,589.4900379744972,591.99929828,589.4900379744972,591.3038343275,26906629
1733322600,590.3969361509986,595.67381723,590.3969361509986,594.328943295,42787561
1733409000,592.3629397229993,596.23234411,592.3629397229993,595.0528235275001,28762183
1733495400,593.7078816252497,596.81046842,593.7078816252497,595.60032685,31241549
1733754600,594.6541042376248,595.62482364,591.92090854,593.8782023000001,34742738
1733841000,594.2661532688124,594.2661532688124,590.01015869,591.8670155975001,37234515
1733927400,593.0665844331563,596.18824988,593.0665844331563,594.5800354225,28677723
1734013800,593.8233099278282,594.93891344,592.16587647,593.410313555,31543812
1734100200,593.616811741414,594.90951729,590.67647146,592.9571228875,35904730
1734359400,593.286967314457,595.54594397,593.02816359,594.2381826750001,43695179
1734445800,593.7625749947285,593.7625749947285,590.74996184,591.9735766475,55773545
1734532200,592.8680758211142,594.19911029,574.09704196,583.6495663875,108248729
1734618600,588.2588211043071,588.2588211043071,574.05784709,577.2203830675,85919452
1734705000,582.7396020859036,585.72286317,571.13263692,577.5084871375,125716674
1734964200,580.1240446117017,585.28043717,577.77001006,582.1689534425,57635828
1735050600,581.1464990271008,591.21877723,581.1464990271008,588.4683622775,33160097
1735223400,584.8074306523004,592.33958976,584.8074306523004,590.2460545174999,41338891
1735309800,587.5267425849001,587.71486164,580.82147133,585.2535966575,64969310
1735569000,586.3901696212001,586.3901696212001,574.57372801,578.167210285,56578757
1735655400,582.2786899531001,582.2786899531001,574.5835597,577.8685481599999,57052654
1735828200,580.07361905655,581.18062292,570.72953767,576.5449816275,50203975
1735914600,578.3093003420249,582.62588118,576.55972916,579.7034116675,37888459
1736173800,579.0063560047624,589.60638026,579.0063560047624,586.1972421524999,47679442
1736260200,582.6017990786312,587.68920094,576.90383827,582.67012378,60393052
1736346600,582.6359614293156,582.6359614293156,575.34551559,578.5862614475,47304672
1736519400,580.6111114384078,580.6111114384078,568.81235835,572.909714675,73105046
1736778600,576.7604130567039,576.7604130567039,565.66621792,568.8271058825001,47910060
1736865000,572.793759469602,575.15379765,568.61572457,572.67129622,48420580
1736951400,572.7325278448011,583.94332749,572.7325278448011,581.6033855425001,56900159
1737037800,577.1679566936506,584.34642673,577.1679566936506,582.7967067725,43319662
1737124200,579.9823317330753,589.27210284,579.9823317330753,587.3229705274999,58070628
1737469800,583.6526511302876,592.90982772,583.6526511302876,591.240898535,42532853
1737556200,587.4467748326438,597.58971161,587.4467748326438,596.17886426,48195973
1737642600,591.8128195463219,599.48722756,591.8128195463219,597.4766471875,41152102
1737729000,594.6447333669109,600.49989151,594.6447333669109,598.5925438725,34604693
1737988200,596.6186386197055,596.6186386197055,584.6315457,587.077178305,70361125
1738074600,591.8479084623527,595.18094784,587.19761649,591.808678565,44433322
1738161000,591.8282935136764,593.96181842,589.1344592,592.0839658525,37177429
1738247400,591.9561296830882,596.39024557,590.60429668,593.9114310174999,39281255
1738333800,592.933780350294,599.69369302,590.93365826,594.898286785,66671471
1738593000,593.916033567647,593.916033567647,580.55139483,585.28535301,65857248
1738679400,589.6006932888235,592.16261936,587.22711156,589.7022392275001,33457815
1738765800,589.6514662581618,594.19777895,588.50523111,591.8209681725,30653149
1738852200,590.736217215331,596.24522816,590.736217215331,595.1594410225,35771503
1738938600,592.9478291189155,597.89449396,589.95048937,593.79467971,50788516
1739197800,593.3712544144578,595.30866148,592.59521367,594.109269175,26048714
1739284200,593.7402617947289,595.66270059,592.29043132,593.8708753000001,30056740
1739370600,593.8055685473645,594.37474935,588.43640929,591.28268321,45076076
1739457000,592.5441258786823,599.67402964,592.5441258786823,596.6237481775,40921297
1739543400,594.5839370280912,600.70635697,594.5839370280912,599.6592821075,26910448
1739889000,597.1216095677955,601.19794142,597.1216095677955,600.283594355,26749030
1739975400,598.7026019613977,602.90865527,598.7026019613977,601.15861466,31011072
1740061800,599.9306083106989,601.38867618,596.8031765,599.8863941225001,36554002
1740148200,599.9085012165995,600.02797044,589.38025142,594.7852223625,76519818
1740407400,597.3468617895497,597.3468617895497,586.45040814,589.5940906525,50737213
1740493800,593.4704762210249,593.4704762210249,579.63704777,584.7003675275,58266472
1740580200,589.0854218742625,589.4884,581.89401026,585.4538681624999,43321578
1740666600,587.2696450183812,587.95465654,574.80968855,581.1929125324999,74196664
1740753000,584.2312787754406,584.71019922,572.63688531,579.307686195,88744106
1741012200,581.7694824852204,587.28610169,570.13963634,579.3789659375,74249199
1741098600,580.5742242113602,580.5742242113602,562.61839437,568.8148162675,109648212
1741185000,574.6945202394301,575.03581739,563.43393296,569.6749661475001,71230528
1741271400,572.184743193465,572.184743193465,560.52424465,564.9493894825,80094868
1741357800,568.5670663379825,568.5670663379825,556.10981635,562.8248598375001,81158816
1741613400,565.6959630877413,565.6959630877413,546.23880075,553.843612075,99326624
1741699800,559.7697875813707,559.7697875813707,542.72888783,548.45093074,88102109
1741786200,554.1103591606853,554.1103591606853,544.37077987,550.0436643324999,69588167
1741872600,552.0770117465927,552.0770117465927,540.42827264,545.33797226,74079414
1741959000,548.7074920032964,554.34011236,542.20947971,549.159230185,62660321
1742218200,548.9333610941482,560.1211454,548.9333610941482,555.9820043975,49008709
1742304600,552.4576827458241,555.51008333,549.65039678,553.0079185225,66041422
1742391000,552.732800634162,561.34027482,552.17714082,556.1147321999999,66555985
1742477400,554.423766417081,560.96667065,553.13199444,555.9798414300001,62958195
1742563800,555.2018039235405,557.0524986,550.28767688,553.7539084175,83762964
1742823000,554.4778561705202,567.17014741,554.4778561705202,564.61361675,58766795
1742909400,559.5457364602601,568.41266568,559.5457364602601,567.2342455725,38355735
1742995800,563.38999101638,568.33377563,559.32058751,563.891279735,52228898
1743082200,563.64063537569,563.64063537569,557.10180488,559.6509395925,42164248
1743168600,561.645787484095,561.645787484095,547.36874506,552.8534524625001,71662653
1743427800,557.2496199732975,557.2496199732975,539.28251502,546.5111116150001,95328213
1743514200,551.8803657941488,555.12955365,545.99803045,551.0075485775001,54609641
1743600600,551.4439571858245,559.5473964,547.1123524,552.6741008675,76014544
1743687000,552.0590290266623,552.0590290266623,529.25361751,534.1053555375,125985998
1743773400,543.0821922820812,543.0821922820812,498.05260306,507.82510790000003,217965131
1744032600,525.4536500910406,525.4536500910406,475.11532126,492.7028715975,256611355
1744119000,509.0782608442703,517.69622531,482.37320578,501.07014744,165816581
1744205400,505.07420414213516,541.00823484,486.20923442,513.7048818775,241867317
1744291800,509.3895430098176,526.09308492,502.25349818,517.60870666,162331225
1744378200,513.4991248349088,528.9873636,512.85434854,521.0317952025,97866334
1744637400,517.2654600187044,536.72844967,517.2654600187044,532.83078818,68033993
1744723800,525.0481240993522,535.69301778,525.0481240993522,531.8483605375,56892874
1744810200,528.4482423184261,530.42257082,513.07129617,521.5409811625,83484814
1744896600,524.994611740463,524.994611740463,516.6410709,519.9655468799999,79868083
1745242200,522.4800793102315,522.4800793102315,501.40543015,509.13665497,69368129
1745328600,515.8083671401157,521.96121859,511.98902331,516.70208742,75948117
1745415000,516.2552272800579,537.86249413,516.2552272800579,531.31462005,90590658
1745501400,523.7849236650289,539.83474536,523.7849236650289,534.05738053,64150418
1745587800,528.9211520975146,543.40452009,528.9211520975146,540.4042329050001,61119590
1745847000,534.6626925012573,545.86983413,534.6626925012573,542.56877863,47613755
1745933400,538.6157355656287,547.74347279,538.6157355656287,544.15151024,47775121
1746019800,541.3836229028143,548.7986272,534.00674298,542.4060679025,93101463
1746106200,541.8948454026572,556.24377698,541.8948454026572,552.42014887,63186146
1746192600,547.1574971363286,560.49407699,547.1574971363286,557.7156680725,60717270
1746451800,552.4365826044143,558.78807968,552.4365826044143,555.7877924974999,38659222
1746538200,554.1121875509571,555.53149845,549.23252247,551.5000197100001,48264708
1746624600,552.8061036304786,555.99734419,548.32528691,552.5163207700001,55733229
1746711000,552.6612122002393,562.39729943,552.6612122002393,557.7304599575,65130787
1746797400,555.1958360788697,559.62628645,554.9556997,557.4281384975,37603427
1747056600,556.3119872881848,574.91123348,556.3119872881848,573.062247955,78993570
1747143000,564.6871176215924,580.90687722,564.6871176215924,577.41845786,67947225
1747229400,571.0527877407962,580.80826466,571.0527877407962,579.3278435825,66283531
1747315800,575.1903156616481,582.77065463,575.1903156616481,579.8632851374999,71268145
1747402200,577.5268003995741,586.25167805,577.5268003995741,584.089597645,76052101
1747661400,580.808199022287,587.27724869,579.94047412,583.4387547375,68168509
1747747800,582.1234768798935,585.80792153,581.41966254,584.1783489500001,60614492
1747834200,583.1509129149467,584.35831687,573.74760526,578.288713715,95197657
1747920600,580.7198133149734,580.7198133149734,573.33836313,575.348826725,70860417
1748007000,578.0343200199867,578.0343200199867,567.61390393,570.1038957625,76029046
1748352600,574.0691078912433,583.10593734,570.40463942,578.5993432825,72588475
1748439000,576.3342255868716,584.54449739,576.3342255868716,581.57837946,68445512
1748525400,578.9563025234359,584.96971476,577.93863912,582.4008575299999,70073758
1748611800,580.6785800267179,582.92833612,575.142973,580.010710915,90601242
1748871000,580.344645470859,584.56540325,576.94265225,581.3999400275,61630502
1748957400,580.8722927491795,588.79588214,580.8722927491795,586.0938979575,63606204
1749043800,583.4830953533396,589.65381143,583.4830953533396,588.3052846475,57314199
1749130200,585.8941900004198,590.68924332,582.84954468,586.924708785,92436397
1749216600,586.4094493927099,592.4938532,586.4094493927099,590.5635123075,66588743
1749475800,588.486480850105,592.90802596,588.486480850105,591.46335193,53016418
1749562200,589.9749163900525,595.09722482,589.9749163900525,593.1200429625,66246973
1749648600,591.5474796762762,596.66516455,590.95549724,594.111099205,73658225
1749735000,592.8292894406381,595.37333999,591.20202864,593.4084847025,64129003
1749821400,593.1188870715691,593.49970132,587.21808116,589.90773877,89505996
1750080600,591.5133129207845,596.06362792,591.5133129207845,593.5859873125,79984125
1750167000,592.5496501166423,593.40108876,588.48032194,590.7508761725,82209365
1750253400,591.6502631445712,592.87844219,588.19434552,590.0901720125,76605029
1750426200,590.8702175785356,592.89056613,586.362895,589.710799055,94051374
1750685400,590.2905083167678,593.9587305,585.40352515,590.3635661674999,87426039
1750771800,590.3270372421339,601.18852189,590.3270372421339,598.95583583,67735293
1750858200,594.641436536067,601.94029202,594.641436536067,600.6397029975001,62114767
1750944600,597.6405697667835,605.59974401,597.6405697667835,603.695839935,78548361
1751031000,600.6682048508917,609.63503162,600.6682048508917,607.02643577,86258398
1751290200,603.8473203104459,612.43401788,603.8473203104459,610.6067644825,92502541
1751376600,607.2270423964729,612.04829186,607.2270423964729,610.3273603775,70030140
1751463000,608.7772013869865,613.69010005,608.7772013869865,611.917243915,66510374
1751549400,610.3472226509932,619.41664791,610.3472226509932,617.28526438,51065789
1751895000,613.8162435154966,617.19130548,611.09881242,614.6741959275,74814505
1751981400,614.2452197214983,615.2923466,612.7307302,614.0263740175,59024585
1752067800,614.1357968694991,617.87374382,614.10599183,616.28645652,66113326
1752154200,615.2111266947495,620.00028105,615.2111266947495,618.125974025,57528960
1752240600,616.6685503598748,618.01220957,614.71870278,616.358038365,63670226
1752499800,616.5132943624374,618.30704272,614.98564496,616.896571235,51898518
1752586200,616.7049327987187,620.97933282,615.24289455,618.0468260150001,74317260
1752672600,617.3758794068594,617.88363423,611.27683982,615.8610452225,88987511
1752759000,616.6184623146797,621.5181624,616.6184623146797,619.3931087325,68885683
1752845400,618.0057855235898,622.57168896,618.0057855235898,621.3180793849999,65621645
1753104600,619.6619324542949,624.61900399,619.6619324542949,622.4579492299999,63374984
1753191000,621.0599408421474,622.82883964,619.32763421,621.5826478775,60046288
1753277400,621.3212943598237,627.25974368,621.3212943598237,625.49430535,70511036
1753363800,623.4077998549119,629.17848337,623.4077998549119,627.8333875025,71307134
1753450200,625.620593678706,630.59271321,625.620593678706,629.18093125,56865364
1753709400,627.400762464353,631.04777102,627.400762464353,630.0191682925,54917102
1753795800,628.7099653784264,631.6708669,627.38337381,629.6767128175,60556278
1753882200,629.1933390979632,630.69171623,624.61900399,627.9421820225,80418851
1753968600,628.5677605602316,632.83793537,623.85249715,628.5726957100001,103385246
1754055000,628.5702281351158,628.5702281351158,612.50325076,616.58057261,140103572
1754314200,622.5754003725579,624.29756564,618.72431915,621.5220691075001,73218015
1754400600,622.048734740029,625.67253055,620.16831913,622.9488103175,68051401
1754487000,622.4987725287644,626.49818205,621.24637391,623.9365656475,64357525
1754573400,623.2176690881322,629.99938747,622.21563417,626.7009354675,74205791
1754659800,624.959302277816,630.65709979,624.959302277816,628.69014434,64051626
1754919000,626.824723308908,631.9477984,626.824723308908,629.7694354175,58742300
1755005400,628.2970793632039,635.80505861,628.2970793632039,633.1395929,64821798
1755091800,630.718336131602,639.10845582,630.718336131602,637.6026407775,60092790
1755178200,634.160488454551,638.54470241,634.160488454551,636.868277775,59327466
1755264600,635.5143831147755,639.00955171,635.47402656,637.4457046824999,68592507
1755523800,636.4800438986376,636.94245586,635.14240109,636.0374832675,43804914
1755610200,636.2587635830688,637.04630517,631.48294909,634.3499319225,69750731
1755696600,635.3043477527845,635.3043477527845,626.01355192,630.5433600650001,88890298
1755783000,632.9238539088923,632.9238539088923,626.86412724,628.9336957025,54805775
1755869400,630.9287748056961,639.41505856,630.26642856,634.6726065749999,84083214
1756128600,632.800690690348,638.21831885,632.800690690348,636.485024355,51274332
1756215000,634.6428575226739,638.43590789,634.53908603,636.5567298349999,51581565
1756301400,635.5997936788369,640.2755243,635.5997936788369,638.670805145,48341069
1756387800,637.1352994119185,642.36240098,637.1352994119185,640.6464147025,61519461
1756474200,638.8908570572092,640.7403736,636.09188053,638.79690788,74522192
1756819800,638.8438824686046,638.8438824686046,627.96196284,631.29997649,81983545
1756906200,635.0719294793023,637.15015448,633.44125043,635.725935325,70820898
1756992600,635.3989324021511,642.03601742,635.3989324021511,639.4645106125,65219228
1757079000,637.4317215073256,645.06248313,636.27979833,641.45742839,85178935
1757338200,639.4445749486629,642.71845577,639.4445749486629,641.52171606,63133104
1757424600,640.4831455043314,643.72727767,640.12716813,642.2288804325,66133856
1757511000,641.3560129684157,647.37683925,641.3560129684157,645.5990379125,78034529
1757597400,643.4775254404578,651.11541454,643.4775254404578,648.74418855,69934360
1757683800,646.1108569952289,651.88686658,646.1108569952289,650.5467159174999,72780135
1757943000,648.3287864563645,653.79571587,648.3287864563645,652.997065195,63772412
1758029400,650.6629258256822,654.52760627,650.6629258256822,653.3753734075,61168953
1758115800,652.0191496165911,654.4682638,647.12957898,651.5827364475001,101952244
1758202200,651.8009430320456,657.60352403,651.8009430320456,655.0691062625,90459242
1758288600,653.4350246472727,659.08959985,653.4350246472727,657.2919925975,97945620
1758547800,655.3635086223863,661.80708612,655.3635086223863,659.1639835975,69452201
1758634200,657.2637461099432,661.85667529,656.54071674,659.3499429699999,81708872
1758720600,658.3068445399715,659.14910685,654.24969729,657.0291700199999,68082229
1758807000,657.6680072799857,657.6680072799857,649.02795815,652.0480871025,89622067
1758893400,654.8580471912428,656.92751223,652.47440516,654.96874019,69179209
1759152600,654.9133936906214,659.81360167,654.9133936906214,658.3408034500001,73499015
1759239000,656.6270985703107,661.1723448,656.17375691,658.8838048099999,86288028
1759325400,657.7554516901553,663.86999541,657.61184271,660.5400829425,72545369
1759411800,659.1477673163276,665.05517647,659.1477673163276,663.7547006025,56895993
1759498200,661.4512339594138,667.14783926,661.4512339594138,664.5034970024999,70494350
1759757400,662.9773654809569,666.98419501,662.9773654809569,665.7828974725,54623260
1759843800,664.3801314767285,667.460251,662.18396378,665.0700532174999,72020067
1759930200,664.7250923471142,667.67407948,663.91958458,665.9789234474999,60702241
1760016600,665.3520078973071,668.40244515,663.71131008,666.4387141899999,66501941
1760103000,665.8953610436536,668.41236298,647.47581727,657.537458965,159422589
1760362200,661.7164100043268,661.7164100043268,654.34679287,656.706319755,79560517
1760448600,659.2113648796634,660.35908249,647.80310576,654.1802724575,88779560
1760535000,656.6958186685818,664.72292906,653.51577764,659.8210400424999,81702555
1760621400,658.2584293555408,663.21541843,651.71073201,657.8697063775,110563346
1760707800,658.0640678665204,660.28469874,652.73226882,656.50724405,96500870
1760967000,657.2856559582602,666.68666002,657.2856559582602,664.0237218249999,60493350
1761053400,660.65468889163,667.460251,660.65468889163,665.908358065,56249034
1761139800,663.281523478315,666.47838552,657.84987071,663.27988434,80564006
1761226200,663.2807039091574,667.18265085,662.31289561,664.5915425649999,65604461
1761312600,663.9361232370786,672.89522355,663.9361232370786,671.3951512900001,74356527
1761571800,667.6656372635393,679.90713156,667.6656372635393,678.2868055775,63339790
1761658200,672.9762214205197,683.24448241,672.9762214205197,681.316703595,61738073
1761744600,677.1464625077599,684.03295014,677.1464625077599,681.5237383625,85362207
1761831000,679.33510043513,680.30384489,674.24404885,676.7681373800001,76335751
1761917400,678.0516189075651,679.45091124,673.6588967,677.2441933725,87164122
1762180200,677.6479061400325,680.16499522,674.35314502,678.0698529775,57315025
1762266600,677.8588795587663,677.8588795587663,669.03718647,670.9141363825,78426969
1762353000,674.3865079706331,675.26558566,668.63055531,671.33564429,74402376
1762439400,672.8610761303166,672.8610761303166,663.22533626,667.6883611650001,85035298
1762525800,670.2747186476583,670.2747186476583,655.77208467,662.30421751,100592443
1762785000,666.2894680788291,676.57473964,666.2894680788291,673.3923549375,75842888
1762871400,669.8409115081646,677.95331844,669.8409115081646,675.7143676124999,58953385
1762957800,672.7776395603323,679.33189724,672.7776395603323,677.902489545,62312484
1763044200,675.3400645526661,675.3400645526661,665.01054622,670.4256831,103457788
1763130600,672.882873826333,672.882873826333,657.81515829,663.5613028549999,96846672
1763389800,668.2220883406665,668.2220883406665,656.72915557,662.325292905,90456105
1763476200,665.2736906228332,665.2736906228332,650.47100287,655.3592548700001,114467488
1763562600,660.3164727464166,661.85667529,653.33229772,656.9312314150001,94702955
1763649000,658.6238520807083,670.00913411,646.53362312,657.7730075025,165293521
1763735400,658.1984297916042,659.08959985,645.50216848,651.9685956725,123956203
1763994600,655.0835127320521,664.5543259,655.0835127320521,660.2970960325,80437940
1764081000,657.690304382276,670.65379326,657.690304382276,665.57090379,81077088
1764167400,661.630604086138,676.09868365,661.630604086138,673.3539233325,71879597
1764340200,667.492263709319,678.04753785,667.492263709319,676.499116155,49212030
1764599400,671.9956899321595,677.37808412,671.9956899321595,674.6134881375,61201193
1764685800,673.3045890348297,678.20126427,673.3045890348297,676.048474615,62953844
1764772200,674.676531824915,679.28230808,674.10519919,676.6590412175001,57238481
1764858600,675.6677865212075,679.7385284,675.6677865212075,678.478963595,61970336
1764945000,677.0733750581037,682.733714,677.0733750581037,680.3955848425,79241045
1765204200,678.7344799503019,680.99809321,675.96975182,678.9822936275,55231462
1765290600,678.8583867889009,679.75340515,676.98137079,677.9248046675,58310055
1765377000,678.3915957282004,683.30894832,675.71188815,679.4732263625,85671334
1765463400,678.9324110453501,683.58664765,676.55986289,680.7910584425,86173678
1765549800,679.8617347439251,683.21968782,673.59383571,678.8718089625,113160347
1765809000,679.3667718532126,680.12532389,673.66881453,677.2590701199999,90810952
1765895400,678.3129209866063,678.3129209866063,669.43389979,672.96464838,122030631
1765981800,675.6387846833031,675.6387846833031,665.67999996,670.177737275,110625198
1766068200,672.9082609791516,675.14657167,669.35455713,671.86128945,108650128
1766154600,672.3847752145757,677.49006936,672.3847752145757,675.0977810925,103599543
1766413800,673.7412781535379,681.73750009,673.7412781535379,680.065584035,69556733
1766500200,676.903431094269,684.56248915,676.903431094269,682.361683415,64839951
1766586600,679.6325572546345,687.17858817,679.6325572546345,685.5969921875001,39445560
1766759400,682.6147747210673,688.00420117,682.6147747210673,686.8204909675001,41613347
1767018600,684.7176328442837,685.55720361,682.44374736,684.0303169175,62559503
1767105000,684.3739748808919,684.91561278,682.95105173,683.7642308,47160671
1767191400,684.0691028404459,684.0691028404459,678.10679233,680.9143738825001,74144801
1767364200,682.4917383614729,683.23951892,676.226782,680.2777566249999,89377203
1767623400,681.3847474932364,685.78598793,681.3847474932364,683.8823531400001,71927191
1767709800,682.6335503166183,688.65573914,682.6335503166183,686.3119432025001,69273827
1767796200,684.4727467595592,690.29204442,684.4727467595592,687.6088021725,75588337
1767882600,686.0407744660296,686.96472456,683.85624189,685.4664359125001,64019200
1767969000,685.7536051892648,691.63490894,685.53730932,688.6383316375,80125467
1768228200,687.1959684133824,692.41078621,686.97964528,689.476378565,63976002
1768314600,688.3361734891912,692.41078621,687.69583969,690.50590803,78309726
1768401000,689.4210407595956,689.4210407595956,682.41390592,686.1341379925001,94676684
1768487400,687.7775893760479,691.77416896,687.59636824,689.71262325,77861974
1768573800,688.7451063130239,690.58051161,686.45244662,688.75769737,79289200
1768919400,688.751401841512,688.751401841512,672.99396002,676.5077888375,111623277
1769005800,682.6295953395061,685.09466139,674.54571457,679.3688362949999,127844467
1769092200,680.999215817253,687.47202894,680.999215817253,685.575854505,77112243
1769178600,683.2875351611265,687.30790105,683.2875351611265,685.23392141,63059578
1769437800,684.2607282855632,690.46114588,684.2607282855632,688.1608687,60473813
1769524200,686.2107984927816,692.84846058,686.2107984927816,691.269351375,55506147
1769610600,688.7400749338908,694.15153651,688.7400749338908,692.3834315650001,61172165
1769697000,690.5617532494455,693.37565924,681.21030143,689.4166957,97486198
1769783400,689.9892244747227,690.54072304,683.48819754,687.61874932,101835131
1770042600,688.8039868973614,693.24634636,685.77604079,689.1729906575,79286521
1770129000,688.9884887774307,693.27618779,680.41452987,688.0265822475001,107904611
1770215400,688.5075355124654,688.5075355124654,678.15652805,683.8040193775,105204600
1770301800,686.1557774449827,686.1557774449827,672.21808274,675.91842052,113610812
1770388200,681.0370989824914,688.65076557,677.25133789,682.6824788275001,89127566
1770647400,681.8597889049958,692.19194903,681.8597889049958,688.2379590675,73885192
1770733800,685.0488739862478,692.85840772,685.0488739862478,690.15029761,65185725
1770820200,687.5995857981239,693.45523639,685.53730932,690.0010904425001,76353872
1770906600,688.8003381203121,691.67469752,676.77387495,684.1720637275,118828963
1770993000,686.486200923906,686.486200923906,673.93893875,678.2062637700001,96267487
1771338600,682.346232346953,682.346232346953,672.2081356,677.328428265,81354660
1771425000,679.8373303059765,685.50746788,679.22087252,681.9488769149999,73570341
1771511400,680.8931036104882,682.55316595,677.94515123,680.3965006675,58649363
1771597800,680.6448021389941,686.41265804,678.12668662,682.259725185,100033986
1771857000,681.452263661997,686.35297517,676.77486967,681.5263719500001,90558087
1771943400,681.4893178059986,684.71169632,676.40583061,680.782574215,73798727
1772029800,681.1359460104993,690.01352437,681.1359460104993,688.1210801200001,56369479
1772116200,684.6285130652498,689.63553288,680.73283849,686.4101712524999,71670990
1772202600,685.5193421588749,685.5193421588749,678.03716231,680.7776006425,83308869
1772461800,683.1484714006874,684.98026922,674.43629598,679.3203439624999,87477198
1772548200,681.2344076815937,681.2344076815937,666.12048312,673.3371365075,105003113
1772634600,677.2857720945468,683.4583561,676.02783911,679.7555315375,79182244
1772721000,678.5206518160235,681.90660155,672.03903414,677.5323447275,106606464
1772807400,678.0264982717617,678.0264982717617,666.21995457,669.35827868,100686951
1773063000,673.6923884758809,676.32625345,658.88890902,668.19197598,102667711
1773149400,670.9421822279405,679.74807118,670.9421822279405,674.6700538775001,81505315
1773235800,672.8061180527203,676.48540776,669.78103232,673.2550725625,68441672
1773322200,673.0305953076102,673.0305953076102,662.35051533,665.1506365275,108882246
1773408600,669.090615917555,669.090615917555,657.86435313,662.79191987,97200242
1773667800,665.9412678937775,668.51774496,663.5939084,665.6131787475,82023130
1773754200,665.7772233206388,670.87521823,665.7772233206388,668.2790134950001,87128044
1773840600,667.0281184078194,667.0281184078194,657.69525167,661.6591887825,82062576
1773927000,664.3436535951597,664.3436535951597,651.70707064,655.2482541100001,111272539
1774013400,659.7959538525799,659.7959538525799,643.06372077,649.9484883174999,163617523
1774272600,654.8722210850399,660.91274869,652.26003468,655.8121358625,134802732
1774359000,655.34217847377,655.34217847377,648.21046478,651.175328455,96457478
1774445400,653.258753464385,659.1921802,652.55926398,655.9654908825,90653787
1774531800,654.6121221734425,654.6121221734425,643.16346387,647.5371988475,96494375
1774618200,651.0746605104712,651.0746605104712,631.47855959,636.449506385,103649369
1774877400,643.7620834477356,643.7620834477356,627.66338597,633.80008026,99275851
1774963800,638.7810818538678,649.86620026,636.34103576,643.0437721475,152534103
1775050200,640.9124270006839,656.82826871,640.9124270006839,653.4818876675,97841472
1775136600,647.197157334092,656.50909078,643.45271886,649.7165856024999,68358713
1775482200,648.456871468296,658.02518592,648.456871468296,655.8183698099999,39105758
1775568600,652.1376206391479,657.91546851,649.38743337,654.9481112525,69980362
1775655000,653.5428659458239,675.34058825,653.5428659458239,673.5003280349999,93606114
1775741400,663.5215969904119,679.41010677,663.5215969904119,675.679714795,57134445
1775827800,669.600655892706,680.27787175,669.600655892706,678.567277565,42253456
1776087000,674.083966728853,684.53690216,674.083966728853,679.8464828374999,54185819
1776173400,676.9652247831765,692.79563093,676.9652247831765,689.322077435,63480529
1776259800,683.1436511090883,698.48098768,683.1436511090883,695.6283349925,58240384
1776346200,689.3859930507941,700.97456521,689.3859930507941,699.206618745,49972363
1776432600,694.2963058978971,710.55987721,694.2963058978971,706.7870944175,70661926
1776691800,700.5417001576986,708.08624831,700.5417001576986,706.5676595975,43546812
1776778200,703.5546798775993,709.44774164,700.83492487,705.2522974525,58941384
1776864600,704.4034886650496,709.62229206,704.4034886650496,708.18349783,42518498
1776951000,706.2934932475248,710.5297548,700.47614893,706.32830109,56173990
1777037400,706.3108971687624,712.63453371,706.3108971687624,710.2132699375,45181957
1777296600,708.2620835531311,713.79155369,708.2620835531311,712.231820945,33135943
1777383000,710.2469522490655,711.04861841,707.42794384,709.5811480350001,43117436
1777469400,709.9140501420328,710.37036532,706.55020455,708.96149402,41859227
1777555800,709.4377720810164,717.94086669,708.6198739,714.04215823,67240949
1777642200,711.7399651555082,723.00781622,711.7399651555082,719.9556773275,43049849
1777901400,715.8478212415041,720.26488094,713.15319784,716.95091641,51950558
1777987800,716.399368825752,723.17737949,716.399368825752,721.1600254025001,36933226
1778074200,718.7796971141261,732.70284564,718.7796971141261,729.2218114125001,53288940
1778160600,724.0007542633131,734.23888939,724.0007542633131,731.244102785,51724642
1778247000,727.6224285241565,736.18387986,727.6224285241565,734.408452665,47227085
1778506200,731.0154405945782,738.8869179,731.0154405945782,736.3509495525,44023951
1778592600,733.6831950735391,736.94192743,729.94993605,734.5431058500001,54185273
1778679000,734.1131504617696,741.99890265,733.58058492,738.1388446374999,44200203
1778765400,736.1259975496348,747.60446493,736.1259975496348,744.3104490175001,45307603
1778851800,740.2182232835675,741.55005869,736.06418814,738.69241885,60410771
1779111000,739.4553210667837,739.51031228,731.50592842,736.4245100925001,47843865
1779197400,737.9399155796418,737.9399155796418,729.65070675,732.5357759450001,54255913
1779283800,735.237845762321,739.96414339,732.00464393,736.2836229625,45768035
1779370200,735.7607343624104,742.95643642,735.1365773,738.911853675,43332225
1779456600,737.3362940187052,747.01598063,737.3362940187052,744.4076985375,41762006
1779802200,740.8719962781026,750.19778555,740.8719962781026,748.3475510275,41123621
1779888600,744.6097736528013,749.44971229,744.6097736528013,748.307653785,42106285
1779975000,746.4587137189006,753.2100272,746.4587137189006,750.374829555,41562563
1780061400,748.4167716369503,756.13250006,748.4167716369503,754.344604975,55075739
1780320600,751.3806883059751,758.32684828,751.3806883059751,755.272215815,43634933
1780407000,753.3264520604876,758.44654,753.3264520604876,756.4890816475,31581852
1780493400,754.9077668539937,756.85065039,751.63408621,754.2473554525,51402518
1780579800,754.5775611532468,756.36190919,749.53948108,752.8035740625,49923036
1780666200,753.6905676078734,753.6905676078734,733.63544363,742.638505285,93989416
1780925400,748.1645364464366,748.1645364464366,736.29359727,739.6225232649999,49319144
1781011800,743.8935298557183,744.98122137,720.73367352,735.6477606950001,87683517
1781098200,739.7706452753591,739.7706452753591,723.46663448,728.75551241,60341349
1781184600,734.2630788426795,738.0989474,722.5440108,730.8488707475,86330522
1781271000,732.5559747950897,742.52754108,732.5559747950897,738.5802078625001,57079533
1781530200,735.5680913287949,754.73609665,735.5680913287949,751.8435467200001,60176425
1781616600,743.7058190243974,753.49928219,743.7058190243974,750.6167065750001,67093142
1781703000,747.1612627996988,750.21773417,737.32095121,743.9887775125,85945227
1781789400,745.5750201560993,748.23,743.86,746.6475,80875657
1782135000,746.1112600780497,750.18,743.13,746.35,46628074
1782221400,746.2306300390248,746.2306300390248,732.3,734.8299999999999,66846780
1782307800,740.5303150195124,740.5303150195124,730.84,734.7987499999999,57439507
1782394200,737.6645325097561,739.37,729.6,735.5450000000001,54128065
1782480600,736.6047662548781,736.6047662548781,716.58,727.76125,71033970
1782739800,732.183008127439,741.56,732.09,737.79375,58035228
1782826200,734.9883790637195,748.02,734.9883790637195,744.2425,55626035
1782912600,739.6154395318597,749.435,739.6154395318597,745.6424999999999,47100878
1782999000,742.6289697659298,751.31,740.03,745.8799999999999,57505953
1783344600,744.2544848829648,752.41,744.2544848829648,749.96,50673310
1783431000,747.1072424414824,750.96,745.21,748.5250000000001,43721494
1783517400,747.8161212207413,747.8161212207413,739.51,743.555,43767393
1783603800,745.6855606103707,751.97,745.59,749.1550000000001,41441718
1783690200,747.4202803051853,755.42,747.4202803051853,752.6299999999999,42191313
1783949400,750.0251401525926,753.9105,748,750.8876250000001,44013628
1784035800,750.4563825762964,753.34,748.66,751.185,35143138
1784122200,750.8206912881482,755.58,750.2,753.7075000000001,43844769
1784208600,752.2640956440741,754.57,747.88,751.4825000000001,46409814
1784295000,751.8732978220371,751.8732978220371,740.8,743.365,62650961